x,y,vx,vy
319.2900075812432,255.26239081817556,0.9743718059016622,-0.22494351260690684
273.0784097880878,308.3290172052674,-0.9912667782820428,-0.13187181000630635
