x,y,vx,vy
245.48425457800863,160.4767911277371,-0.7721468058270392,-0.6354441834269164
282.372139761483,184.82099454118776,0.9121425478815207,-0.4098731173719588
