x,y,vx,vy
617.9797305329081,185.9407590334065,-0.9542383244813963,-0.29904718706407735
