x,y,vx,vy
448.0136844216038,370.0571939708557,0.9514554067309,-0.3077866290184442
