x,y,vx,vy
127.25592756715821,153.62537740640926,-0.6874038994299605,-0.7262753465790263
