x,y,vx,vy
463.31979110447804,429.19382883904234,0.8949894870743689,-0.4460872314092368
502.27000517191635,216.42067541019858,0.9679169597966178,0.2512702905997295
