x,y,vx,vy
472.1820090549513,215.18885110254243,0.9165706458646284,-0.39987279369731793
481.2595295754088,77.12878015097536,-0.9958744435610867,0.09074190135706796
