{
  "p0": [
    538.0686344544056,
    4.278062349906477
  ],
  "p2": [
    637.7159862347243,
    119.72006234817309
  ],
  "orientation": "vertical",
  "p1": [
    587.892310344565,
    61.99906234903978
  ],
  "start_radius": 7.332,
  "end_radius": 7.332
}