{
  "p0": [
    269.15387921409103,
    31.62009547103129
  ],
  "p2": [
    620.4535288860109,
    75.14074354445543
  ],
  "orientation": "horizontal",
  "p1": [
    444.80370405005095,
    53.38041950774336
  ],
  "start_radius": 2.8744588744588744,
  "end_radius": 2.8744588744588744
}