{
  "p0": [
    106.37086894634068,
    281.3244911520257
  ],
  "p2": [
    259.8899805763971,
    301.64764340496737
  ],
  "orientation": "horizontal",
  "p1": [
    178.12867485730084,
    302.23446256116773
  ],
  "start_radius": 4.572368421052632,
  "end_radius": 4.572368421052632
}