{
  "p0": [
    537.6927038609177,
    4.278062349906456
  ],
  "p2": [
    638.4942347239479,
    119.72006234817312
  ],
  "orientation": "vertical",
  "p1": [
    584.9731634338024,
    58.91069988794558
  ],
  "start_radius": 7.332,
  "end_radius": 7.332
}