{
  "x_min": 313.5,
  "y_min": 167.5,
  "x_max": 628.5,
  "y_max": 262.5,
  "x_span": 315.0,
  "y_span": 95.0,
  "Direction": "left_right",
  "Length": 315.0,
  "width": 18.930379746835442,
  "center": [
    465.2255098629221,
    221.57171514543631
  ],
  "EigenValues": [
    45.28487709958142,
    8242.407736409452
  ],
  "EigenVector": [
    0.9743718059016622,
    -0.22494351260690673
  ],
  "EigenMinorVector": [
    -0.22494351260690673,
    -0.9743718059016622
  ],
  "EigenRatio": 182.01236846208948,
  "lower_left": [
    311.7619504334103,
    257.0003183810241
  ],
  "upper_right": [
    618.6890692924339,
    186.1431119098485
  ],
  "left_edge": [
    467.35464292053996,
    230.79432929560048
  ],
  "right_edge": [
    463.0963768053042,
    212.34910099527215
  ]
}