{
  "p0": [
    269.15387921409103,
    31.62009547103131
  ],
  "p2": [
    620.4535288860109,
    75.1407435444554
  ],
  "orientation": "horizontal",
  "p1": [
    444.80370405005095,
    53.380419507743355
  ],
  "start_radius": 2.8744588744588744,
  "end_radius": 2.8744588744588744
}