{
  "x_min": 270.5,
  "y_min": 29.5,
  "x_max": 609.5,
  "y_max": 78.5,
  "x_span": 339.0,
  "y_span": 49.0,
  "Direction": "left_right",
  "Length": 339.0,
  "width": 5.748917748917749,
  "center": [
    403.72515060240966,
    48.2914156626506
  ],
  "EigenValues": [
    6.131010253904037,
    11075.598380935562
  ],
  "EigenVector": [
    0.9924135058135594,
    0.12294483917123385
  ],
  "EigenMinorVector": [
    0.12294483917123385,
    -0.9924135058135594
  ],
  "EigenRatio": 1806.4883146921773,
  "lower_left": [
    235.51106136701134,
    27.452265423126462
  ],
  "upper_right": [
    571.9392398378079,
    69.13056590217474
  ],
  "left_edge": [
    403.371750718385,
    51.14406747156923
  ],
  "right_edge": [
    404.0785504864343,
    45.43876385373197
  ]
}