{
  "p0": [
    537.5851894991786,
    4.278062349906456
  ],
  "p2": [
    638.6198064540929,
    119.72006234817312
  ],
  "orientation": "vertical",
  "p1": [
    584.9041768482284,
    59.401913370830755
  ],
  "start_radius": 7.162824062602869,
  "end_radius": 7.368452938864644
}