{
  "p0": [
    301.8175117823779,
    259.29609187069025
  ],
  "p2": [
    628.6335079434663,
    183.84733842018238
  ],
  "orientation": "horizontal",
  "p1": [
    465.2255098629221,
    221.57171514543631
  ],
  "start_radius": 9.465189873417721,
  "end_radius": 9.465189873417721
}