{
  "p0": [
    106.37086894634068,
    281.3244911520257
  ],
  "p2": [
    259.8899805763971,
    301.6476434049676
  ],
  "orientation": "horizontal",
  "p1": [
    178.12867485730072,
    302.23446256116756
  ],
  "start_radius": 4.572368421052632,
  "end_radius": 4.572368421052632
}