{"x_min": 313.5, "y_min": 167.5, "x_max": 628.5, "y_max": 262.5, "x_span": 315.0, "y_span": 95.0, "Direction": "left_right", "Length": 315.0, "width": 18.930379746835442, "center": [465.2255098629221, 221.57171514543631], "EigenValues": [45.28487709958091, 8242.40773640945], "EigenVector": [0.9743718059016622, -0.22494351260690684], "EigenRatio": 182.0123684620915, "lower_left": [311.7619504334103, 257.00031838102416], "upper_right": [618.6890692924339, 186.14311190984847]}