{"x_min": 108.5, "y_min": 282.5, "x_max": 259.5, "y_max": 310.5, "x_span": 151.0, "y_span": 28.0, "Direction": "left_right", "Length": 151.0, "width": 9.144736842105264, "center": [194.03021582733814, 297.8129496402878], "EigenValues": [11.955621301907765, 1774.9278184689517], "EigenVector": [0.9912667782820429, 0.13187181000630663], "EigenRatio": 148.459688848268, "lower_left": [119.1895740670439, 287.85662798481167], "upper_right": [268.8708575876324, 307.76927129576393]}