{
  "p0": [
    269.15387921409103,
    27.769992540578105
  ],
  "p2": [
    620.4535288860109,
    72.77967137486083
  ],
  "orientation": "horizontal",
  "p1": [
    442.5002954100088,
    54.3899910712788
  ],
  "start_radius": 2.8744588744588744,
  "end_radius": 2.8744588744588744
}