{
  "p0": [
    269.15387921409103,
    27.769992540578066
  ],
  "p2": [
    620.4535288860109,
    72.77967137486073
  ],
  "orientation": "horizontal",
  "p1": [
    442.5002954100087,
    54.38999107127887
  ],
  "start_radius": 2.8744588744588744,
  "end_radius": 2.8744588744588744
}