{"x_min": 535.5, "y_min": 4.5, "x_max": 638.5, "y_max": 128.5, "x_span": 103.0, "y_span": 124.0, "Direction": "up_down", "Length": 124.0, "width": 14.664, "center": [590.2648663393344, 64.74768139661757], "EigenValues": [12.4827997174948, 1928.987293098111], "EigenVector": [0.6534224467881538, 0.7569934649872365], "EigenRatio": 154.53162245282292, "lower_left": [549.7526746384689, 17.8140865674089], "upper_right": [630.7770580401999, 111.68127622582622]}