{
  "p0": [
    301.8175117823779,
    251.52889517622438
  ],
  "p2": [
    628.6335079434663,
    175.103638863929
  ],
  "orientation": "horizontal",
  "p1": [
    460.858181859856,
    235.42025202255314
  ],
  "start_radius": 9.465189873417721,
  "end_radius": 9.465189873417721
}