{
  "x_min": 535.5,
  "y_min": 4.5,
  "x_max": 638.5,
  "y_max": 128.5,
  "x_span": 103.0,
  "y_span": 124.0,
  "Direction": "up_down",
  "Length": 124.0,
  "width": 14.664,
  "center": [
    590.2648663393344,
    64.74768139661757
  ],
  "EigenValues": [
    12.482799717495027,
    1928.9872930981105
  ],
  "EigenVector": [
    0.6534224467881536,
    0.7569934649872366
  ],
  "EigenMinorVector": [
    0.7569934649872366,
    -0.6534224467881536
  ],
  "EigenRatio": 154.53162245282007,
  "lower_left": [
    549.7526746384689,
    17.814086567408893
  ],
  "upper_right": [
    630.7770580401999,
    111.68127622582624
  ],
  "left_edge": [
    584.714590254048,
    69.53857477646831
  ],
  "right_edge": [
    595.8151424246208,
    59.95678801676682
  ]
}