{
  "p0": [
    301.8175117823779,
    247.7976353090904
  ],
  "p2": [
    628.6335079434663,
    176.17006068298346
  ],
  "orientation": "horizontal",
  "p1": [
    460.76977401391343,
    235.18518516988496
  ],
  "start_radius": 9.401460225373384,
  "end_radius": 9.407594555870576
}