{
  "p0": [
    106.37086894634068,
    286.1513092116617
  ],
  "p2": [
    259.8899805763971,
    306.5745126971068
  ],
  "orientation": "horizontal",
  "p1": [
    183.1304247613689,
    296.36291095438423
  ],
  "start_radius": 4.572368421052632,
  "end_radius": 4.572368421052632
}