{
  "x_min": 108.5,
  "y_min": 282.5,
  "x_max": 259.5,
  "y_max": 310.5,
  "x_span": 151.0,
  "y_span": 28.0,
  "Direction": "left_right",
  "Length": 151.0,
  "width": 9.144736842105264,
  "center": [
    194.03021582733814,
    297.8129496402878
  ],
  "EigenValues": [
    11.955621301907772,
    1774.9278184689538
  ],
  "EigenVector": [
    0.9912667782820429,
    0.1318718100063065
  ],
  "EigenMinorVector": [
    0.1318718100063065,
    -0.9912667782820429
  ],
  "EigenRatio": 148.4596888482681,
  "lower_left": [
    119.1895740670439,
    287.85662798481167
  ],
  "upper_right": [
    268.8708575876324,
    307.76927129576393
  ],
  "left_edge": [
    193.42724932763826,
    302.3453865541432
  ],
  "right_edge": [
    194.633182327038,
    293.2805127264324
  ]
}