{
  "p0": [
    537.6927038609176,
    4.278062349906477
  ],
  "p2": [
    638.4942347239476,
    119.72006234817309
  ],
  "orientation": "vertical",
  "p1": [
    584.9731634338024,
    58.9106998879456
  ],
  "start_radius": 7.332,
  "end_radius": 7.332
}