{
  "p0": [
    269.15387921409103,
    27.769992540578126
  ],
  "p2": [
    620.4535288860109,
    72.77967137486102
  ],
  "orientation": "horizontal",
  "p1": [
    442.5002954100081,
    54.38999107127883
  ],
  "start_radius": 2.8744588744588744,
  "end_radius": 2.8744588744588744
}