{
  "p0": [
    538.0686344544056,
    4.278062349906456
  ],
  "p2": [
    637.7159862347241,
    119.72006234817312
  ],
  "orientation": "vertical",
  "p1": [
    587.8923103445649,
    61.99906234903979
  ],
  "start_radius": 7.332,
  "end_radius": 7.332
}