{
  "p0": [
    265.7212402690296,
    -9.899023100352366
  ],
  "p2": [
    317.4797046891742,
    490.0143160777784
  ],
  "orientation": "vertical",
  "p1": [
    291.6004724791019,
    240.05764648871303
  ],
  "start_radius": 26.176532769556026,
  "end_radius": 26.176532769556026
}