{
  "p0": [
    269.5902508566581,
    -9.899023100352366
  ],
  "p2": [
    322.42519072594575,
    490.0143160777784
  ],
  "orientation": "vertical",
  "p1": [
    280.70471639339274,
    236.5419104921586
  ],
  "start_radius": 26.176532769556026,
  "end_radius": 26.176532769556026
}