{
  "p0": [
    288.12339710333816,
    -9.899023100352366
  ],
  "p2": [
    317.13557769539966,
    490.0143160777784
  ],
  "orientation": "vertical",
  "p1": [
    243.5715301206357,
    240.07855093556338
  ],
  "start_radius": 25.634735829966004,
  "end_radius": 23.949926121228046
}