{
  "x_min": 249.5,
  "y_min": 3.5,
  "x_max": 341.5,
  "y_max": 475.5,
  "x_span": 92.0,
  "y_span": 472.0,
  "Direction": "up_down",
  "Length": 472.0,
  "width": 52.35306553911205,
  "center": [
    291.6004724791019,
    240.057646488713
  ],
  "EigenValues": [
    241.27863022892416,
    18085.121599320762
  ],
  "EigenVector": [
    0.10298437603493739,
    0.9946829737623413
  ],
  "EigenMinorVector": [
    0.9946829737623413,
    -0.10298437603493739
  ],
  "EigenRatio": 74.95533931936565,
  "lower_left": [
    267.29615973485664,
    5.312464680800474
  ],
  "upper_right": [
    315.9047852233471,
    474.80282829662553
  ],
  "left_edge": [
    265.5631210210925,
    242.75342038274383
  ],
  "right_edge": [
    317.63782393711125,
    237.36187259468218
  ]
}