{
  "p0": [
    135.9998169125538,
    78.30176821883818
  ],
  "p2": [
    246.5689205623961,
    169.6115454030199
  ],
  "orientation": "horizontal",
  "p1": [
    177.74765711460174,
    139.84631698554742
  ],
  "start_radius": 10.060483870967776,
  "end_radius": 10.060483870967765
}