{
  "p0": [
    311.03954006399965,
    280.75250248358844
  ],
  "p2": [
    415.42693773623324,
    252.9143644002666
  ],
  "orientation": "horizontal",
  "p1": [
    362.0773784599075,
    276.35691585474626
  ],
  "start_radius": 6.259433962264151,
  "end_radius": 6.259433962264151
}