{
  "x_min": 303.5,
  "y_min": 200.5,
  "x_max": 382.5,
  "y_max": 221.5,
  "x_span": 79.0,
  "y_span": 21.0,
  "Direction": "left_right",
  "Length": 79.0,
  "width": 12.1875,
  "center": [
    336.9215384615385,
    211.1123076923077
  ],
  "EigenValues": [
    17.337923491022966,
    497.3470867759175
  ],
  "EigenVector": [
    0.9915818617121233,
    -0.12948131727596832
  ],
  "EigenMinorVector": [
    -0.12948131727596832,
    -0.9915818617121233
  ],
  "EigenRatio": 28.685504756865967,
  "lower_left": [
    297.7540549239096,
    216.22681972470843
  ],
  "upper_right": [
    376.08902199916736,
    205.99779565990696
  ],
  "left_edge": [
    337.7105652386889,
    217.15475966211594
  ],
  "right_edge": [
    336.1325116843881,
    205.06985572249945
  ]
}