{
  "p0": [
    302.4541529484251,
    211.21896698592457
  ],
  "p2": [
    382.7976285794924,
    201.0342383018996
  ],
  "orientation": "horizontal",
  "p1": [
    339.9824022957227,
    216.1081376158051
  ],
  "start_radius": 6.09375,
  "end_radius": 6.09375
}