{
  "x_min": 309.5,
  "y_min": 254.5,
  "x_max": 414.5,
  "y_max": 287.5,
  "x_span": 105.0,
  "y_span": 33.0,
  "Direction": "left_right",
  "Length": 105.0,
  "width": 12.518867924528301,
  "center": [
    355.82177844762623,
    272.43142426526
  ],
  "EigenValues": [
    19.946641717441736,
    867.8153192259991
  ],
  "EigenVector": [
    0.9693125191261168,
    -0.24583173160798688
  ],
  "EigenMinorVector": [
    -0.24583173160798688,
    -0.9693125191261168
  ],
  "EigenRatio": 43.50683847031575,
  "lower_left": [
    304.9328711935051,
    285.3375901746793
  ],
  "upper_right": [
    406.71068570174737,
    259.52525835584066
  ],
  "left_edge": [
    357.36054593745547,
    278.49877196752584
  ],
  "right_edge": [
    354.283010957797,
    266.3640765629941
  ]
}