{
  "x_min": 128.5,
  "y_min": 82.5,
  "x_max": 251.5,
  "y_max": 177.5,
  "x_span": 123.0,
  "y_span": 95.0,
  "Direction": "left_right",
  "Length": 123.0,
  "width": 20.120967741935484,
  "center": [
    191.28436873747495,
    130.08476953907817
  ],
  "EigenValues": [
    45.0331266692549,
    1717.6564529711804
  ],
  "EigenVector": [
    0.7674815603709083,
    0.6410710214092006
  ],
  "EigenMinorVector": [
    0.6410710214092006,
    -0.7674815603709083
  ],
  "EigenRatio": 38.14206518651218,
  "lower_left": [
    144.0842527746641,
    90.65890172241234
  ],
  "upper_right": [
    238.4844847002858,
    169.510637355744
  ],
  "left_edge": [
    184.83488406644287,
    137.80600539845486
  ],
  "right_edge": [
    197.73385340850703,
    122.36353367970149
  ]
}