{
  "p0": [
    135.9998169125538,
    83.90603908277379
  ],
  "p2": [
    246.5689205623961,
    176.26349999538255
  ],
  "orientation": "horizontal",
  "p1": [
    191.28436873747495,
    130.08476953907817
  ],
  "start_radius": 10.060483870967742,
  "end_radius": 10.060483870967742
}