{
  "p0": [
    302.4541529484251,
    211.21896698592457
  ],
  "p2": [
    382.7976285794924,
    201.0342383018997
  ],
  "orientation": "horizontal",
  "p1": [
    339.98240229572315,
    216.1081376158054
  ],
  "start_radius": 6.09375,
  "end_radius": 6.09375
}