{
  "p0": [
    311.03954006399965,
    283.78885026554894
  ],
  "p2": [
    415.42693773623324,
    257.3146902588753
  ],
  "orientation": "horizontal",
  "p1": [
    363.2332389001165,
    270.55177026221213
  ],
  "start_radius": 6.259433962264151,
  "end_radius": 6.259433962264151
}