{
  "p0": [
    195.7296097460878,
    80.65678426030847
  ],
  "p2": [
    261.0378246707278,
    102.03397058244714
  ],
  "orientation": "horizontal",
  "p1": [
    228.3837172084078,
    91.3453774213778
  ],
  "start_radius": 4.110294117647059,
  "end_radius": 4.110294117647059
}