{
  "p0": [
    302.4541529484251,
    229.09206457274345
  ],
  "p2": [
    382.7976285794924,
    196.04413510396438
  ],
  "orientation": "horizontal",
  "p1": [
    338.95193927218736,
    229.20699556641893
  ],
  "start_radius": 6.1358556613202335,
  "end_radius": 6.132110065681317
}