{
  "x_min": 194.5,
  "y_min": 75.5,
  "x_max": 261.5,
  "y_max": 107.5,
  "x_span": 67.0,
  "y_span": 32.0,
  "Direction": "left_right",
  "Length": 67.0,
  "width": 8.220588235294118,
  "center": [
    233.02057245080502,
    92.86314847942755
  ],
  "EigenValues": [
    8.30322853101854,
    430.5619941849153
  ],
  "EigenVector": [
    0.9503816899566746,
    0.3110862314457126
  ],
  "EigenMinorVector": [
    0.3110862314457126,
    -0.9503816899566746
  ],
  "EigenRatio": 51.8547686091568,
  "lower_left": [
    201.18278583725643,
    82.44175972599618
  ],
  "upper_right": [
    264.85835906435364,
    103.28453723285892
  ],
  "left_edge": [
    231.74191654361272,
    96.76949674917594
  ],
  "right_edge": [
    234.29922835799732,
    88.95680020967916
  ]
}