{
  "p0": [
    311.03954006399965,
    255.0531252179145
  ],
  "p2": [
    415.42693773623324,
    285.2186308363621
  ],
  "orientation": "horizontal",
  "p1": [
    347.4125307784086,
    231.8916759858302
  ],
  "start_radius": 6.6954691176546905,
  "end_radius": 6.667848647507467
}