{
  "p0": [
    135.9998169125538,
    78.86504671576246
  ],
  "p2": [
    246.5689205623961,
    168.97752931688674
  ],
  "orientation": "horizontal",
  "p1": [
    180.56265757801742,
    136.72616391480065
  ],
  "start_radius": 10.060483870967742,
  "end_radius": 10.060483870967742
}