{
  "p0": [
    195.7296097460878,
    77.15215215528285
  ],
  "p2": [
    261.0378246707278,
    97.14936493693656
  ],
  "orientation": "horizontal",
  "p1": [
    223.3962158673006,
    96.03822794293382
  ],
  "start_radius": 4.110294117647059,
  "end_radius": 4.110294117647059
}