{
  "p0": [
    311.03954006399965,
    280.7525024835884
  ],
  "p2": [
    415.42693773623324,
    252.9143644002665
  ],
  "orientation": "horizontal",
  "p1": [
    362.07737845990727,
    276.35691585474615
  ],
  "start_radius": 6.259433962264151,
  "end_radius": 6.259433962264151
}