{
  "p0": [
    195.72960974608782,
    77.1521521552828
  ],
  "p2": [
    261.0378246707278,
    97.14936493693655
  ],
  "orientation": "horizontal",
  "p1": [
    223.39621586730055,
    96.03822794293379
  ],
  "start_radius": 4.110294117647059,
  "end_radius": 4.110294117647059
}