{
  "p0": [
    135.99981691255383,
    78.86504671576239
  ],
  "p2": [
    246.56892056239607,
    168.9775293168868
  ],
  "orientation": "horizontal",
  "p1": [
    180.56265757801722,
    136.7261639148006
  ],
  "start_radius": 10.060483870967742,
  "end_radius": 10.060483870967742
}