{
  "p0": [
    302.4541529484251,
    215.61307828082036
  ],
  "p2": [
    382.7976285794924,
    205.12178203899734
  ],
  "orientation": "horizontal",
  "p1": [
    342.62589076395875,
    210.36743015990885
  ],
  "start_radius": 6.09375,
  "end_radius": 6.09375
}