{
  "p0": [
    275.0717944864316,
    5.662278243232322
  ],
  "p2": [
    300.7565741470921,
    471.4823010584216
  ],
  "orientation": "vertical",
  "p1": [
    287.91418431676186,
    238.57228965082697
  ],
  "start_radius": 17.93804347826087,
  "end_radius": 17.93804347826087
}