{
  "p0": [
    286.62933554344806,
    5.662278243232322
  ],
  "p2": [
    298.10628423402636,
    471.4823010584216
  ],
  "orientation": "vertical",
  "p1": [
    249.17972880317507,
    234.36794199614326
  ],
  "start_radius": 18.460824715612006,
  "end_radius": 18.309371633627034
}