{
  "p0": [
    279.1691229964804,
    5.662278243232322
  ],
  "p2": [
    305.7968115073769,
    471.4823010584216
  ],
  "orientation": "vertical",
  "p1": [
    278.2296011259706,
    239.6147074948396
  ],
  "start_radius": 17.93804347826087,
  "end_radius": 17.93804347826087
}