{
  "x_min": 258.5,
  "y_min": 5.5,
  "x_max": 317.5,
  "y_max": 464.5,
  "x_span": 59.0,
  "y_span": 459.0,
  "Direction": "up_down",
  "Length": 459.0,
  "width": 35.87608695652174,
  "center": [
    287.302641943889,
    227.48133672665577
  ],
  "EigenValues": [
    117.52308349270425,
    16210.465915205825
  ],
  "EigenVector": [
    0.055055220014122386,
    0.9984833112021435
  ],
  "EigenMinorVector": [
    0.9984833112021435,
    -0.055055220014122386
  ],
  "EigenRatio": 137.93431412316679,
  "lower_left": [
    274.6674689506479,
    -1.6705831942361726
  ],
  "upper_right": [
    299.9378149371301,
    456.6332566475477
  ],
  "left_edge": [
    269.3918048952271,
    228.46891965697432
  ],
  "right_edge": [
    305.2134789925509,
    226.49375379633722
  ]
}