{
  "x_min": 20.5,
  "y_min": 377.5,
  "x_max": 153.5,
  "y_max": 451.5,
  "x_span": 133.0,
  "y_span": 74.0,
  "Direction": "left_right",
  "Length": 133.0,
  "width": 10.880597014925373,
  "center": [
    90.06104252400549,
    411.79423868312756
  ],
  "EigenValues": [
    9.74023633431176,
    1591.6899893488055
  ],
  "EigenVector": [
    0.8730889062245173,
    -0.48756103395131567
  ],
  "EigenMinorVector": [
    -0.48756103395131567,
    -0.8730889062245173
  ],
  "EigenRatio": 163.4138982584834,
  "lower_left": [
    32.000630260075084,
    444.21704744089004
  ],
  "upper_right": [
    148.12145478793587,
    379.3714299253651
  ],
  "left_edge": [
    92.71352008930779,
    416.54410295654304
  ],
  "right_edge": [
    87.40856495870318,
    407.0443744097121
  ]
}