{
  "p0": [
    22.05604284750906,
    449.7704261249196
  ],
  "p2": [
    151.8837695026386,
    377.270431917862
  ],
  "orientation": "horizontal",
  "p1": [
    86.96990617507382,
    413.5204290213908
  ],
  "start_radius": 5.440298507462686,
  "end_radius": 5.440298507462686
}