{
  "x_min": 283.5,
  "y_min": 136.5,
  "x_max": 391.5,
  "y_max": 194.5,
  "x_span": 108.0,
  "y_span": 58.0,
  "Direction": "left_right",
  "Length": 108.0,
  "width": 13.211009174311927,
  "center": [
    328.74791666666664,
    163.98194444444445
  ],
  "EigenValues": [
    16.63688391918626,
    1099.7606312340838
  ],
  "EigenVector": [
    0.9121425478815209,
    -0.40987311737195875
  ],
  "EigenMinorVector": [
    -0.40987311737195875,
    -0.9121425478815209
  ],
  "EigenRatio": 66.10376297485611,
  "lower_left": [
    279.4922190810645,
    186.1150927825302
  ],
  "upper_right": [
    378.0036142522688,
    141.8487961063587
  ],
  "left_edge": [
    331.45533542361903,
    170.00710622861595
  ],
  "right_edge": [
    326.04049790971425,
    157.95678266027295
  ]
}