{
  "p0": [
    376.77882072666694,
    266.94774456823023
  ],
  "p2": [
    595.1628173312046,
    282.18897026814955
  ],
  "orientation": "horizontal",
  "p1": [
    481.7726695032087,
    296.722128624831
  ],
  "start_radius": 4.808962264150943,
  "end_radius": 4.808962264150943
}