{
  "p0": [
    376.77882072666694,
    277.7942461509832
  ],
  "p2": [
    595.1628173312046,
    290.75062878771223
  ],
  "orientation": "horizontal",
  "p1": [
    485.97081902893575,
    284.2724374693477
  ],
  "start_radius": 4.808962264150943,
  "end_radius": 4.808962264150943
}