{
  "p0": [
    285.40290279133677,
    184.26010316366123
  ],
  "p2": [
    392.20935148153717,
    131.75167613361822
  ],
  "orientation": "horizontal",
  "p1": [
    340.9651465838806,
    203.2760803274894
  ],
  "start_radius": 7.058212232571616,
  "end_radius": 5.785974708748003
}