{
  "p0": [
    472.53891991243825,
    151.64618257393175
  ],
  "p2": [
    633.2908993646703,
    319.52098610076706
  ],
  "orientation": "vertical",
  "p1": [
    552.9149096385543,
    235.5835843373494
  ],
  "start_radius": 8.048484848484849,
  "end_radius": 8.048484848484849
}