{
  "p0": [
    22.05604284750909,
    448.22148557087655
  ],
  "p2": [
    151.8837695026386,
    376.1741009271648
  ],
  "orientation": "horizontal",
  "p1": [
    85.48962285366704,
    415.35725897362147
  ],
  "start_radius": 5.440298507462686,
  "end_radius": 5.440298507462686
}