{
  "x_min": 134.5,
  "y_min": 68.5,
  "x_max": 238.5,
  "y_max": 160.5,
  "x_span": 104.0,
  "y_span": 92.0,
  "Direction": "left_right",
  "Length": 104.0,
  "width": 16.714285714285715,
  "center": [
    191.74558404558405,
    116.25213675213675
  ],
  "EigenValues": [
    15.965377373599381,
    1407.08270287927
  ],
  "EigenVector": [
    0.7721468058270392,
    0.6354441834269164
  ],
  "EigenMinorVector": [
    0.6354441834269164,
    -0.7721468058270392
  ],
  "EigenRatio": 88.13338200236005,
  "lower_left": [
    151.59395014257802,
    83.2090392139371
  ],
  "upper_right": [
    231.89721794859008,
    149.2952342903364
  ],
  "left_edge": [
    186.43508622694483,
    122.70507791511986
  ],
  "right_edge": [
    197.05608186422327,
    109.79919558915364
  ]
}