{
  "p0": [
    285.40290279133677,
    182.99137172518854
  ],
  "p2": [
    392.20935148153717,
    137.60220050507937
  ],
  "orientation": "horizontal",
  "p1": [
    333.98857715002634,
    157.74737726818444
  ],
  "start_radius": 6.605504587155964,
  "end_radius": 6.605504587155964
}