{
  "p0": [
    134.8407290785094,
    69.55233436896276
  ],
  "p2": [
    238.77438980349697,
    153.98373503361273
  ],
  "orientation": "horizontal",
  "p1": [
    184.73172639304804,
    110.41100862552085
  ],
  "start_radius": 8.357142857142858,
  "end_radius": 8.357142857142858
}