{
  "p0": [
    478.52580165427213,
    151.64618257393175
  ],
  "p2": [
    639.5901841219704,
    319.52098610076706
  ],
  "orientation": "vertical",
  "p1": [
    543.0099560255641,
    240.59167276871318
  ],
  "start_radius": 8.048484848484849,
  "end_radius": 8.048484848484849
}