{
  "p0": [
    22.05604284750906,
    448.4555618420809
  ],
  "p2": [
    151.8837695026386,
    376.218076820554
  ],
  "orientation": "horizontal",
  "p1": [
    85.75721966905897,
    415.17116658064754
  ],
  "start_radius": 5.515734946799448,
  "end_radius": 2.837741350344527
}