{
  "p0": [
    285.40290279133677,
    183.45911498195994
  ],
  "p2": [
    392.20935148153717,
    135.465419060468
  ],
  "orientation": "horizontal",
  "p1": [
    338.806127136437,
    159.46226702121396
  ],
  "start_radius": 6.605504587155964,
  "end_radius": 6.605504587155964
}