{
  "x_min": 474.5,
  "y_min": 150.5,
  "x_max": 634.5,
  "y_max": 314.5,
  "x_span": 160.0,
  "y_span": 164.0,
  "Direction": "up_down",
  "Length": 164.0,
  "width": 16.096969696969698,
  "center": [
    552.9149096385543,
    235.5835843373494
  ],
  "EigenValues": [
    21.131717620432482,
    4080.280039010613
  ],
  "EigenVector": [
    0.6916181524796146,
    0.7222633392057806
  ],
  "EigenMinorVector": [
    0.7222633392057806,
    -0.6916181524796146
  ],
  "EigenRatio": 193.0879501752071,
  "lower_left": [
    496.20222113522584,
    176.3579905224754
  ],
  "upper_right": [
    609.6275981418827,
    294.8091781522234
  ],
  "left_edge": [
    547.1017840963405,
    241.15006255851867
  ],
  "right_edge": [
    558.7280351807681,
    230.01710611618014
  ]
}