{
  "p0": [
    134.8407290785094,
    69.4218464178403
  ],
  "p2": [
    238.77438980349697,
    154.95485603667927
  ],
  "orientation": "horizontal",
  "p1": [
    186.8075594410032,
    112.18835122725979
  ],
  "start_radius": 8.357142857142858,
  "end_radius": 8.357142857142858
}