{
  "p0": [
    376.77882072666694,
    266.9477445682308
  ],
  "p2": [
    595.1628173312046,
    282.1889702681508
  ],
  "orientation": "horizontal",
  "p1": [
    481.7726695032087,
    296.72212862483116
  ],
  "start_radius": 4.808962264150943,
  "end_radius": 4.808962264150943
}