{
  "x_min": 20.5,
  "y_min": 377.5,
  "x_max": 153.5,
  "y_max": 451.5,
  "x_span": 133.0,
  "y_span": 74.0,
  "Direction": "left_right",
  "Length": 133.0,
  "width": 10.880597014925373,
  "center": [
    90.06104252400549,
    411.79423868312756
  ],
  "EigenValues": [
    9.740236334310168,
    1591.6899893488066
  ],
  "EigenVector": [
    0.8730889062245171,
    -0.48756103395131606
  ],
  "EigenMinorVector": [
    -0.48756103395131606,
    -0.8730889062245171
  ],
  "EigenRatio": 163.41389825851024,
  "lower_left": [
    32.0006302600751,
    444.2170474408901
  ],
  "upper_right": [
    148.12145478793587,
    379.371429925365
  ],
  "left_edge": [
    92.71352008930779,
    416.54410295654304
  ],
  "right_edge": [
    87.40856495870318,
    407.0443744097121
  ]
}