{
  "x_min": 375.5,
  "y_min": 263.5,
  "x_max": 601.5,
  "y_max": 292.5,
  "x_span": 226.0,
  "y_span": 29.0,
  "Direction": "left_right",
  "Length": 226.0,
  "width": 9.617924528301886,
  "center": [
    485.97081902893575,
    284.2724374693477
  ],
  "EigenValues": [
    19.283195599460534,
    3072.7631364505883
  ],
  "EigenVector": [
    0.9982447003425435,
    0.05922430445370913
  ],
  "EigenMinorVector": [
    0.05922430445370913,
    -0.9982447003425435
  ],
  "EigenRatio": 159.34926971007604,
  "lower_left": [
    373.1691678902283,
    277.5800910660786
  ],
  "upper_right": [
    598.7724701676432,
    290.96478387261686
  ],
  "left_edge": [
    485.6860115836973,
    289.0729585636837
  ],
  "right_edge": [
    486.2556264741742,
    279.47191637501174
  ]
}