{
  "p0": [
    134.8407290785094,
    69.50861619737289
  ],
  "p2": [
    238.77438980349697,
    156.03330603788493
  ],
  "orientation": "horizontal",
  "p1": [
    186.07874013398455,
    111.92801060251614
  ],
  "start_radius": 8.35714285714285,
  "end_radius": 8.357142857142849
}