{
  "p0": [
    22.05604284750909,
    449.77042612491965
  ],
  "p2": [
    151.8837695026386,
    377.270431917862
  ],
  "orientation": "horizontal",
  "p1": [
    86.96990617507385,
    413.52042902139084
  ],
  "start_radius": 5.440298507462686,
  "end_radius": 5.440298507462686
}