{
  "p0": [
    475.62309564348504,
    151.64618257393175
  ],
  "p2": [
    638.021929257947,
    319.52098610076706
  ],
  "orientation": "vertical",
  "p1": [
    548.2199341169326,
    241.54250007814204
  ],
  "start_radius": 8.04848484848485,
  "end_radius": 8.048484848484845
}