{
  "x_min": 134.5,
  "y_min": 68.5,
  "x_max": 238.5,
  "y_max": 160.5,
  "x_span": 104.0,
  "y_span": 92.0,
  "Direction": "left_right",
  "Length": 104.0,
  "width": 16.714285714285715,
  "center": [
    191.74558404558405,
    116.25213675213675
  ],
  "EigenValues": [
    15.965377373599608,
    1407.08270287927
  ],
  "EigenVector": [
    0.7721468058270389,
    0.6354441834269167
  ],
  "EigenMinorVector": [
    0.6354441834269167,
    -0.7721468058270389
  ],
  "EigenRatio": 88.1333820023588,
  "lower_left": [
    151.59395014257802,
    83.20903921393707
  ],
  "upper_right": [
    231.89721794859008,
    149.29523429033642
  ],
  "left_edge": [
    186.43508622694483,
    122.70507791511986
  ],
  "right_edge": [
    197.05608186422327,
    109.79919558915364
  ]
}