{
  "p0": [
    134.8407290785094,
    69.55233436896273
  ],
  "p2": [
    238.774389803497,
    153.9837350336127
  ],
  "orientation": "horizontal",
  "p1": [
    184.73172639304806,
    110.4110086255209
  ],
  "start_radius": 8.357142857142858,
  "end_radius": 8.357142857142858
}