{
  "p0": [
    262.88492143539406,
    -12.722016805814803
  ],
  "p2": [
    268.75212750221834,
    488.74151948743355
  ],
  "orientation": "vertical",
  "p1": [
    254.8571461528441,
    232.76801013588022
  ],
  "start_radius": 21.874142098590134,
  "end_radius": 22.709855715238888
}