{
  "p0": [
    262.2620491056439,
    -12.722016805814803
  ],
  "p2": [
    268.98622386637925,
    488.74151948743355
  ],
  "orientation": "vertical",
  "p1": [
    256.8461828769645,
    233.54610876014493
  ],
  "start_radius": 21.72669491525424,
  "end_radius": 21.72669491525424
}