{
  "p0": [
    259.4342685236052,
    -12.722016805814803
  ],
  "p2": [
    267.01283045250403,
    488.74151948743355
  ],
  "orientation": "vertical",
  "p1": [
    263.22354948805463,
    238.00975134080937
  ],
  "start_radius": 21.72669491525424,
  "end_radius": 21.72669491525424
}