{
  "p0": [
    262.2620491056433,
    -12.722016805814803
  ],
  "p2": [
    268.98622386637874,
    488.74151948743355
  ],
  "orientation": "vertical",
  "p1": [
    256.84618287696554,
    233.54610876014505
  ],
  "start_radius": 21.72669491525424,
  "end_radius": 21.72669491525424
}