{
  "x_min": 239.5,
  "y_min": 2.5,
  "x_max": 291.5,
  "y_max": 473.5,
  "x_span": 52.0,
  "y_span": 471.0,
  "Direction": "up_down",
  "Length": 471.0,
  "width": 43.45338983050848,
  "center": [
    263.22354948805463,
    238.00975134080937
  ],
  "EigenValues": [
    161.3934158309603,
    18191.25518114252
  ],
  "EigenVector": [
    0.015111161748224184,
    0.9998858198767593
  ],
  "EigenMinorVector": [
    0.9998858198767593,
    -0.015111161748224184
  ],
  "EigenRatio": 112.71373796435175,
  "lower_left": [
    259.66487089634785,
    2.536640759832551
  ],
  "upper_right": [
    266.7822280797614,
    473.4828619217862
  ],
  "left_edge": [
    241.49933532950342,
    238.3380669419281
  ],
  "right_edge": [
    284.94776364660584,
    237.68143573969064
  ]
}