{
  "p0": [
    7.428992924899362,
    328.8379998593454
  ],
  "p2": [
    161.58655858566937,
    219.55712296258048
  ],
  "orientation": "horizontal",
  "p1": [
    84.50777575528437,
    274.197561410963
  ],
  "start_radius": 6.8231292517006805,
  "end_radius": 6.8231292517006805
}