{
  "p0": [
    398.2428991570613,
    278.30178692155897
  ],
  "p2": [
    633.4721049896859,
    392.81360610020255
  ],
  "orientation": "horizontal",
  "p1": [
    515.8575020733736,
    335.55769651088076
  ],
  "start_radius": 7.176595744680851,
  "end_radius": 7.176595744680851
}