{
  "p0": [
    7.428992924899362,
    323.39855342683626
  ],
  "p2": [
    161.58655858566937,
    216.70534777240306
  ],
  "orientation": "horizontal",
  "p1": [
    86.4475795124695,
    278.31040853026553
  ],
  "start_radius": 6.8231292517006885,
  "end_radius": 6.823129251700682
}