{
  "p0": [
    7.428992924899376,
    323.1008063002641
  ],
  "p2": [
    161.58655858566937,
    215.73634027348976
  ],
  "orientation": "horizontal",
  "p1": [
    84.53875822404308,
    280.86736938326914
  ],
  "start_radius": 6.8231292517006805,
  "end_radius": 6.8231292517006805
}