{
  "p0": [
    7.428992924899362,
    323.1008063002641
  ],
  "p2": [
    161.58655858566937,
    215.7363402734898
  ],
  "orientation": "horizontal",
  "p1": [
    84.53875822404308,
    280.8673693832691
  ],
  "start_radius": 6.8231292517006805,
  "end_radius": 6.8231292517006805
}