{
  "p0": [
    398.2428991570613,
    281.20983164329795
  ],
  "p2": [
    633.4721049896859,
    394.8945810498496
  ],
  "orientation": "horizontal",
  "p1": [
    515.440248352164,
    329.213738369471
  ],
  "start_radius": 7.176595744680851,
  "end_radius": 7.176595744680851
}