{
  "x_min": 12.5,
  "y_min": 216.5,
  "x_max": 158.5,
  "y_max": 324.5,
  "x_span": 146.0,
  "y_span": 108.0,
  "Direction": "left_right",
  "Length": 146.0,
  "width": 13.646258503401361,
  "center": [
    91.8320039880359,
    269.00548354935194
  ],
  "EigenValues": [
    19.200592992072984,
    2341.2334843270924
  ],
  "EigenVector": [
    0.8158099206024161,
    -0.5783201305909033
  ],
  "EigenMinorVector": [
    -0.5783201305909033,
    -0.8158099206024161
  ],
  "EigenRatio": 121.93547799766793,
  "lower_left": [
    32.27787978405952,
    311.22285308248786
  ],
  "upper_right": [
    151.38612819201228,
    226.788114016216
  ],
  "left_edge": [
    95.77795698791805,
    274.5718600824419
  ],
  "right_edge": [
    87.88605098815374,
    263.43910701626197
  ]
}