{
  "x_min": 399.5,
  "y_min": 278.5,
  "x_max": 633.5,
  "y_max": 400.5,
  "x_span": 234.0,
  "y_span": 122.0,
  "Direction": "left_right",
  "Length": 234.0,
  "width": 14.353191489361702,
  "center": [
    521.4581974503409,
    338.28416839608656
  ],
  "EigenValues": [
    17.0030578214853,
    5082.877126174021
  ],
  "EigenVector": [
    0.8991207974479781,
    0.43770057299084275
  ],
  "EigenMinorVector": [
    0.43770057299084275,
    -0.8991207974479781
  ],
  "EigenRatio": 298.93900141604104,
  "lower_left": [
    416.26106414892746,
    287.07320135615794
  ],
  "upper_right": [
    626.6553307517544,
    389.4951354360152
  ],
  "left_edge": [
    518.3169973807704,
    344.7367948850058
  ],
  "right_edge": [
    524.5993975199113,
    331.8315419071673
  ]
}