{
  "p0": [
    398.2428991570613,
    281.36788171604246
  ],
  "p2": [
    633.4721049896859,
    396.7421674760949
  ],
  "orientation": "horizontal",
  "p1": [
    514.9522065059213,
    327.6190382414595
  ],
  "start_radius": 7.1765957446808475,
  "end_radius": 7.1765957446808475
}