{
  "x_min": 320.5,
  "y_min": 181.5,
  "x_max": 369.5,
  "y_max": 451.5,
  "x_span": 49.0,
  "y_span": 270.0,
  "Direction": "up_down",
  "Length": 270.0,
  "width": 17.2619926199262,
  "center": [
    343.43180846515605,
    310.6650277896537
  ],
  "EigenValues": [
    36.13704668167156,
    4428.40771394411
  ],
  "EigenVector": [
    -0.15741840954137112,
    0.9875319966145224
  ],
  "EigenMinorVector": [
    0.9875319966145224,
    0.15741840954137112
  ],
  "EigenRatio": 122.54481537889937,
  "lower_left": [
    364.6832937532412,
    177.3482082466932
  ],
  "upper_right": [
    322.18032317707093,
    443.9818473326143
  ],
  "left_edge": [
    334.9084234464056,
    309.3063500777819
  ],
  "right_edge": [
    351.9551934839065,
    312.02370550152557
  ]
}