{
  "p0": [
    418.9512419306293,
    9.952894334017117
  ],
  "p2": [
    304.49404024571584,
    477.4587403373034
  ],
  "orientation": "vertical",
  "p1": [
    354.55869275698194,
    239.64332584697695
  ],
  "start_radius": 9.00624778124807,
  "end_radius": 9.33442032997631
}