{
  "p0": [
    364.9494509663003,
    181.6143464720679
  ],
  "p2": [
    320.9689717567775,
    452.62077723899813
  ],
  "orientation": "vertical",
  "p1": [
    342.6661354439564,
    312.8551624583459
  ],
  "start_radius": 9.049344474309617,
  "end_radius": 5.134715652937042
}