{
  "p0": [
    415.0620359486448,
    9.95289433401706
  ],
  "p2": [
    311.92941372039365,
    477.4587403373035
  ],
  "orientation": "vertical",
  "p1": [
    353.8065602241907,
    239.90646439314082
  ],
  "start_radius": 9.528824833702883,
  "end_radius": 9.528824833702883
}