{
  "p0": [
    415.06203594864496,
    9.952894334017117
  ],
  "p2": [
    311.92941372039394,
    477.4587403373034
  ],
  "orientation": "vertical",
  "p1": [
    353.8065602241897,
    239.90646439314133
  ],
  "start_radius": 9.528824833702883,
  "end_radius": 9.528824833702883
}