{
  "p0": [
    367.4622112258582,
    181.6143464720679
  ],
  "p2": [
    321.31075192792457,
    452.62077723899813
  ],
  "orientation": "vertical",
  "p1": [
    341.81947727057735,
    313.05249323553767
  ],
  "start_radius": 8.6309963099631,
  "end_radius": 8.6309963099631
}