{
  "p0": [
    364.00324622402246,
    181.6143464720679
  ],
  "p2": [
    320.803226930403,
    452.62077723899813
  ],
  "orientation": "vertical",
  "p1": [
    342.40323657721274,
    317.11756185553304
  ],
  "start_radius": 8.6309963099631,
  "end_radius": 8.6309963099631
}