{
  "p0": [
    412.2039893025802,
    9.952894334017117
  ],
  "p2": [
    307.1678547928241,
    477.4587403373034
  ],
  "orientation": "vertical",
  "p1": [
    359.68592204770215,
    243.70581733566027
  ],
  "start_radius": 9.528824833702883,
  "end_radius": 9.528824833702883
}