{
  "x_min": 310.5,
  "y_min": 9.5,
  "x_max": 417.5,
  "y_max": 459.5,
  "x_span": 107.0,
  "y_span": 450.0,
  "Direction": "up_down",
  "Length": 450.0,
  "width": 19.057649667405766,
  "center": [
    359.68592204770215,
    243.70581733566027
  ],
  "EigenValues": [
    39.371842848509914,
    15642.622083809732
  ],
  "EigenVector": [
    -0.21920889579630215,
    0.9756779489174517
  ],
  "EigenMinorVector": [
    0.9756779489174517,
    0.21920889579630215
  ],
  "EigenRatio": 397.3047983554509,
  "lower_left": [
    409.0079236018701,
    24.17827882923362
  ],
  "upper_right": [
    310.3639204935342,
    463.2333558420869
  ],
  "left_edge": [
    350.3888577783612,
    241.6170141656279
  ],
  "right_edge": [
    368.98298631704307,
    245.79462050569265
  ]
}