{
  "p0": [
    457.5720612040209,
    140.0323465462244
  ],
  "p2": [
    619.8620067463476,
    184.77572933346607
  ],
  "orientation": "horizontal",
  "p1": [
    533.429991367775,
    162.1466758865339
  ],
  "start_radius": 7.594132686809364,
  "end_radius": 7.760274215781116
}