{
  "p0": [
    3.38185672138124,
    372.17719806437526
  ],
  "p2": [
    393.99794987193263,
    432.7577484469644
  ],
  "orientation": "horizontal",
  "p1": [
    194.6526433575263,
    421.2327568344987
  ],
  "start_radius": 7.133314682315145,
  "end_radius": 7.114959893089853
}