{
  "x_min": 4.5,
  "y_min": 370.5,
  "x_max": 431.5,
  "y_max": 436.5,
  "x_span": 427.0,
  "y_span": 66.0,
  "Direction": "left_right",
  "Length": 427.0,
  "width": 14.19158878504673,
  "center": [
    207.99028646690815,
    409.9749753045769
  ],
  "EigenValues": [
    33.435477559884816,
    13734.003123320708
  ],
  "EigenVector": [
    0.990034401772538,
    0.14082571962142734
  ],
  "EigenMinorVector": [
    0.14082571962142734,
    -0.990034401772538
  ],
  "EigenRatio": 410.7613865757514,
  "lower_left": [
    -3.3820583115287093,
    379.9086841654022
  ],
  "upper_right": [
    419.362631245345,
    440.0412664437516
  ],
  "left_edge": [
    206.99101611529537,
    417.0000558610797
  ],
  "right_edge": [
    208.98955681852092,
    402.9498947480741
  ]
}