{
  "p0": [
    457.5720612040209,
    139.92339449155324
  ],
  "p2": [
    619.8620067463476,
    184.98985159826552
  ],
  "orientation": "horizontal",
  "p1": [
    532.1448643450793,
    162.12783536108537
  ],
  "start_radius": 7.78125,
  "end_radius": 7.78125
}