{
  "p0": [
    3.38185672138124,
    380.87080548185577
  ],
  "p2": [
    393.99794987193263,
    436.4333115070507
  ],
  "orientation": "horizontal",
  "p1": [
    198.68990329665695,
    408.65205849445323
  ],
  "start_radius": 7.095794392523365,
  "end_radius": 7.095794392523365
}