{
  "p0": [
    457.5720612040209,
    135.67086202169446
  ],
  "p2": [
    619.8620067463476,
    186.5306424959184
  ],
  "orientation": "horizontal",
  "p1": [
    538.7170339751842,
    161.10075225880644
  ],
  "start_radius": 7.78125,
  "end_radius": 7.78125
}