{
  "p0": [
    457.5720612040209,
    139.9233944915532
  ],
  "p2": [
    619.8620067463476,
    184.9898515982655
  ],
  "orientation": "horizontal",
  "p1": [
    532.1448643450796,
    162.12783536108543
  ],
  "start_radius": 7.78125,
  "end_radius": 7.78125
}