{
  "p0": [
    3.38185672138124,
    372.23373462130724
  ],
  "p2": [
    393.99794987193263,
    431.74926022414786
  ],
  "orientation": "horizontal",
  "p1": [
    193.3673169646035,
    420.06513511447065
  ],
  "start_radius": 7.095794392523365,
  "end_radius": 7.095794392523365
}