{
  "x_min": 460.5,
  "y_min": 125.5,
  "x_max": 619.5,
  "y_max": 188.5,
  "x_span": 159.0,
  "y_span": 63.0,
  "Direction": "left_right",
  "Length": 159.0,
  "width": 15.5625,
  "center": [
    531.0064257028113,
    158.6843373493976
  ],
  "EigenValues": [
    65.32172034661932,
    2267.4965947780825
  ],
  "EigenVector": [
    0.9542383244813963,
    0.29904718706407735
  ],
  "EigenMinorVector": [
    0.29904718706407735,
    -0.9542383244813963
  ],
  "EigenRatio": 34.71275071669841,
  "lower_left": [
    455.14447890654026,
    134.91008597780345
  ],
  "upper_right": [
    606.8683724990823,
    182.45858872099174
  ],
  "left_edge": [
    528.679464778469,
    166.10950431176846
  ],
  "right_edge": [
    533.3333866271536,
    151.25917038702673
  ]
}