{
  "p0": [
    645.2367439388461,
    22.189363562592007
  ],
  "p2": [
    586.0027392115492,
    465.8678729933782
  ],
  "orientation": "vertical",
  "p1": [
    631.8323684164446,
    244.35619647123985
  ],
  "start_radius": 9.546910755148742,
  "end_radius": 9.546910755148742
}