{
  "x_min": 368.5,
  "y_min": 3.5,
  "x_max": 459.5,
  "y_max": 435.5,
  "x_span": 91.0,
  "y_span": 432.0,
  "Direction": "up_down",
  "Length": 432.0,
  "width": 53.09006928406467,
  "center": [
    413.801679136941,
    202.88454846006613
  ],
  "EigenValues": [
    273.8070091765385,
    13479.305682640499
  ],
  "EigenVector": [
    -0.10877479671647394,
    0.994066418102578
  ],
  "EigenMinorVector": [
    0.994066418102578,
    0.10877479671647394
  ],
  "EigenRatio": 49.22922069518552,
  "lower_left": [
    437.2970352276994,
    -11.833797850090718
  ],
  "upper_right": [
    390.3063230461826,
    417.602894770223
  ],
  "left_edge": [
    387.4141516319271,
    199.99711771304732
  ],
  "right_edge": [
    440.1892066419549,
    205.77197920708494
  ]
}