{
  "p0": [
    224.80423448469725,
    12.022738654732791
  ],
  "p2": [
    185.46153811925188,
    412.5897046842051
  ],
  "orientation": "vertical",
  "p1": [
    205.13288630197457,
    212.30622166946895
  ],
  "start_radius": 6.093198992443325,
  "end_radius": 6.093198992443325
}