{
  "p0": [
    645.6988780275442,
    22.189363562592064
  ],
  "p2": [
    586.7026857047381,
    465.86787299337817
  ],
  "orientation": "vertical",
  "p1": [
    630.7046128368866,
    241.06232018836903
  ],
  "start_radius": 9.546910755148755,
  "end_radius": 9.546910755148748
}