{
  "x_min": 584.5,
  "y_min": 29.5,
  "x_max": 638.5,
  "y_max": 465.5,
  "x_span": 54.0,
  "y_span": 436.0,
  "Direction": "up_down",
  "Length": 436.0,
  "width": 19.093821510297484,
  "center": [
    616.173058485139,
    275.5296021093001
  ],
  "EigenValues": [
    52.622208898714234,
    11002.05809696566
  ],
  "EigenVector": [
    -0.12487906269181809,
    0.9921719708302654
  ],
  "EigenMinorVector": [
    0.9921719708302654,
    0.12487906269181809
  ],
  "EigenRatio": 209.07632589392279,
  "lower_left": [
    643.3966941519553,
    59.236112468302196
  ],
  "upper_right": [
    588.9494228183227,
    491.823091750298
  ],
  "left_edge": [
    606.7008812258624,
    274.3373928425947
  ],
  "right_edge": [
    625.6452357444156,
    276.72181137600546
  ]
}