{
  "p0": [
    436.5451838327951,
    -4.962810768165809
  ],
  "p2": [
    386.28203845495756,
    454.3798531262268
  ],
  "orientation": "vertical",
  "p1": [
    411.4136111438763,
    224.7085211790305
  ],
  "start_radius": 26.545034642032334,
  "end_radius": 26.545034642032334
}