{
  "p0": [
    438.5856465116404,
    -4.9628107681657525
  ],
  "p2": [
    387.12059434278524,
    454.37985312622675
  ],
  "orientation": "vertical",
  "p1": [
    409.1762999209685,
    233.97110446244102
  ],
  "start_radius": 26.545034642032334,
  "end_radius": 26.545034642032334
}