{
  "p0": [
    235.00665976710582,
    12.022738654732791
  ],
  "p2": [
    197.79219789267358,
    412.5897046842051
  ],
  "orientation": "vertical",
  "p1": [
    185.3941136684329,
    210.83807939767217
  ],
  "start_radius": 6.093198992443325,
  "end_radius": 6.093198992443325
}