{
  "p0": [
    648.0595584689677,
    22.189363562592064
  ],
  "p2": [
    592.2162590983406,
    465.86787299337817
  ],
  "orientation": "vertical",
  "p1": [
    620.1379087836542,
    244.02861827798512
  ],
  "start_radius": 9.546910755148742,
  "end_radius": 9.546910755148742
}