{
  "p0": [
    235.00665976710562,
    12.022738654732791
  ],
  "p2": [
    197.7921978926736,
    412.5897046842051
  ],
  "orientation": "vertical",
  "p1": [
    185.39411366843305,
    210.83807939767217
  ],
  "start_radius": 6.093198992443325,
  "end_radius": 6.093198992443325
}