{
  "p0": [
    438.559387914165,
    -4.9628107681657525
  ],
  "p2": [
    386.53649908993043,
    454.37985312622675
  ],
  "orientation": "vertical",
  "p1": [
    410.6976403876648,
    234.38662648850004
  ],
  "start_radius": 26.667227357695623,
  "end_radius": 27.56866068353299
}