{
  "x_min": 185.5,
  "y_min": 10.5,
  "x_max": 231.5,
  "y_max": 406.5,
  "x_span": 46.0,
  "y_span": 396.0,
  "Direction": "up_down",
  "Length": 396.0,
  "width": 12.18639798488665,
  "center": [
    204.19615543613062,
    221.8435303844564
  ],
  "EigenValues": [
    40.36516524205217,
    12255.421975752806
  ],
  "EigenVector": [
    -0.0977471894402639,
    0.9952112775468982
  ],
  "EigenMinorVector": [
    0.9952112775468982,
    0.0977471894402639
  ],
  "EigenRatio": 303.61381905071914,
  "lower_left": [
    223.55009894530286,
    24.79169743017053
  ],
  "upper_right": [
    184.84221192695838,
    418.89536333874224
  ],
  "left_edge": [
    198.13213508251363,
    221.24793730824481
  ],
  "right_edge": [
    210.26017578974762,
    222.43912346066796
  ]
}