{
  "x_min": 368.5,
  "y_min": 3.5,
  "x_max": 459.5,
  "y_max": 435.5,
  "x_span": 91.0,
  "y_span": 432.0,
  "Direction": "up_down",
  "Length": 432.0,
  "width": 53.09006928406467,
  "center": [
    413.801679136941,
    202.88454846006613
  ],
  "EigenValues": [
    273.80700917653667,
    13479.305682640506
  ],
  "EigenVector": [
    -0.10877479671647389,
    0.9940664181025782
  ],
  "EigenMinorVector": [
    0.9940664181025782,
    0.10877479671647389
  ],
  "EigenRatio": 49.22922069518587,
  "lower_left": [
    437.2970352276994,
    -11.833797850090775
  ],
  "upper_right": [
    390.3063230461826,
    417.60289477022303
  ],
  "left_edge": [
    387.41415163192704,
    199.99711771304732
  ],
  "right_edge": [
    440.18920664195497,
    205.77197920708494
  ]
}