{
  "p0": [
    234.75132029601735,
    12.022738654732791
  ],
  "p2": [
    197.6749102621357,
    412.5897046842051
  ],
  "orientation": "vertical",
  "p1": [
    185.89560890273995,
    211.611471172402
  ],
  "start_radius": 6.093198992443324,
  "end_radius": 6.093198992443323
}