{
  "p0": [
    438.5856465116417,
    -4.962810768165809
  ],
  "p2": [
    387.1205943427834,
    454.3798531262268
  ],
  "orientation": "vertical",
  "p1": [
    409.1762999209677,
    233.97110446244022
  ],
  "start_radius": 26.545034642032334,
  "end_radius": 26.545034642032334
}