{
  "p0": [
    436.5451838327951,
    -4.9628107681657525
  ],
  "p2": [
    386.2820384549575,
    454.37985312622675
  ],
  "orientation": "vertical",
  "p1": [
    411.4136111438763,
    224.7085211790305
  ],
  "start_radius": 26.545034642032334,
  "end_radius": 26.545034642032334
}