{
  "p0": [
    645.236743938846,
    22.189363562592064
  ],
  "p2": [
    586.0027392115492,
    465.86787299337817
  ],
  "orientation": "vertical",
  "p1": [
    631.832368416445,
    244.35619647123997
  ],
  "start_radius": 9.546910755148742,
  "end_radius": 9.546910755148742
}