{
  "p0": [
    21.250096027372845,
    19.73191068995881
  ],
  "p2": [
    70.09164244926788,
    292.35664852548405
  ],
  "orientation": "vertical",
  "p1": [
    34.9312749210326,
    152.49475772049456
  ],
  "start_radius": 7.869485294117647,
  "end_radius": 7.869485294117647
}