{
  "x_min": 51.5,
  "y_min": 10.5,
  "x_max": 202.5,
  "y_max": 472.5,
  "x_span": 151.0,
  "y_span": 462.0,
  "Direction": "up_down",
  "Length": 462.0,
  "width": 53.15334773218142,
  "center": [
    119.58289313287281,
    218.02803738317758
  ],
  "EigenValues": [
    251.45222120320796,
    17708.076164843147
  ],
  "EigenVector": [
    -0.2525621746337048,
    0.967580667409335
  ],
  "EigenMinorVector": [
    0.967580667409335,
    0.2525621746337048
  ],
  "EigenRatio": 70.42322426148937,
  "lower_left": [
    177.9247554732586,
    -5.483096788378816
  ],
  "upper_right": [
    61.24103079248701,
    441.53917155473397
  ],
  "left_edge": [
    93.86781729600052,
    211.31577483702696
  ],
  "right_edge": [
    145.29796896974509,
    224.7402999293282
  ]
}