{
  "x_min": 3.5,
  "y_min": 21.5,
  "x_max": 67.5,
  "y_max": 292.5,
  "x_span": 64.0,
  "y_span": 271.0,
  "Direction": "up_down",
  "Length": 271.0,
  "width": 15.738970588235293,
  "center": [
    37.14377481896753,
    136.68804017752862
  ],
  "EigenValues": [
    69.52176583716755,
    4792.850987493676
  ],
  "EigenVector": [
    0.19478260044457915,
    0.9808464398487907
  ],
  "EigenMinorVector": [
    0.9808464398487907,
    -0.19478260044457915
  ],
  "EigenRatio": 68.94029416225406,
  "lower_left": [
    10.750732458727054,
    3.7833475780174695
  ],
  "upper_right": [
    63.536817179208,
    269.59273277703977
  ],
  "left_edge": [
    29.42501818478982,
    138.22087898727722
  ],
  "right_edge": [
    44.86253145314524,
    135.15520136778002
  ]
}