{
  "p0": [
    136.70443910319574,
    69.62472450365388
  ],
  "p2": [
    54.71043309713887,
    467.5426063582116
  ],
  "orientation": "vertical",
  "p1": [
    110.29534514170831,
    266.2911084510273
  ],
  "start_radius": 21.378140703517587,
  "end_radius": 21.378140703517587
}