{
  "x_min": 341.5,
  "y_min": 163.5,
  "x_max": 479.5,
  "y_max": 436.5,
  "x_span": 138.0,
  "y_span": 273.0,
  "Direction": "up_down",
  "Length": 273.0,
  "width": 30.375912408759124,
  "center": [
    408.0531659257479,
    308.33263246425565
  ],
  "EigenValues": [
    77.16436819377213,
    5878.847537730355
  ],
  "EigenVector": [
    -0.45742006975259364,
    0.88925074067303
  ],
  "EigenMinorVector": [
    0.88925074067303,
    0.45742006975259364
  ],
  "EigenRatio": 76.18603865151366,
  "lower_left": [
    470.49100544697694,
    186.94990636238705
  ],
  "upper_right": [
    345.6153264045189,
    429.7153585661242
  ],
  "left_edge": [
    394.54726462169384,
    301.38535647784903
  ],
  "right_edge": [
    421.559067229802,
    315.2799084506623
  ]
}