{
  "p0": [
    165.80909078682157,
    2.6343917392561025
  ],
  "p2": [
    156.48914564113534,
    467.04423760839336
  ],
  "orientation": "vertical",
  "p1": [
    201.49921650736604,
    237.20813287039516
  ],
  "start_radius": 6.338990133304675,
  "end_radius": 5.333823932758641
}