{
  "p0": [
    431.4403637894269,
    94.93229493673408
  ],
  "p2": [
    378.0046843625772,
    436.4760195063215
  ],
  "orientation": "vertical",
  "p1": [
    369.3370579773013,
    256.0539553748299
  ],
  "start_radius": 10.658798582640925,
  "end_radius": 8.770830508178323
}