{
  "p0": [
    553.5827595896201,
    31.013983914135252
  ],
  "p2": [
    376.2986497752386,
    379.74549684618
  ],
  "orientation": "vertical",
  "p1": [
    464.9407046824293,
    205.3797403801576
  ],
  "start_radius": 16.097014925373134,
  "end_radius": 16.097014925373134
}