{
  "p0": [
    484.121234778022,
    151.94215709279925
  ],
  "p2": [
    342.04211398638074,
    437.5809592175254
  ],
  "orientation": "vertical",
  "p1": [
    418.6559956152834,
    288.36325343018837
  ],
  "start_radius": 15.187956204379562,
  "end_radius": 15.187956204379562
}