{
  "p0": [
    420.45350026515734,
    94.93229493673408
  ],
  "p2": [
    364.06473170105517,
    436.4760195063215
  ],
  "orientation": "vertical",
  "p1": [
    432.76317119487214,
    275.7380630458565
  ],
  "start_radius": 10.12730627306273,
  "end_radius": 10.12730627306273
}