{
  "p0": [
    484.12123477802277,
    151.94215709279928
  ],
  "p2": [
    342.04211398638114,
    437.58095921752533
  ],
  "orientation": "vertical",
  "p1": [
    418.655995615283,
    288.3632534301885
  ],
  "start_radius": 15.187956204379562,
  "end_radius": 15.187956204379562
}