{
  "p0": [
    530.2941080669488,
    4.280735574530439
  ],
  "p2": [
    472.06468167919036,
    484.29253912640183
  ],
  "orientation": "vertical",
  "p1": [
    499.9735691048754,
    236.97017545753346
  ],
  "start_radius": 9.377662781068828,
  "end_radius": 9.581930406740302
}