{
  "p0": [
    178.08940888783792,
    1.669259505110972
  ],
  "p2": [
    52.52452395764266,
    479.82215861563816
  ],
  "orientation": "vertical",
  "p1": [
    109.91298629810589,
    233.90378358846186
  ],
  "start_radius": 26.57667386609071,
  "end_radius": 26.57667386609071
}