{
  "x_min": 153.5,
  "y_min": 11.5,
  "x_max": 204.5,
  "y_max": 464.5,
  "x_span": 51.0,
  "y_span": 453.0,
  "Direction": "up_down",
  "Length": 453.0,
  "width": 11.682134570765662,
  "center": [
    175.71211519364448,
    267.8122144985104
  ],
  "EigenValues": [
    121.34424465719167,
    15661.816792248159
  ],
  "EigenVector": [
    -0.02970817226623284,
    0.9995586148398703
  ],
  "EigenMinorVector": [
    0.9995586148398703,
    0.02970817226623284
  ],
  "EigenRatio": 129.0693006206779,
  "lower_left": [
    182.44101621194622,
    41.412188237279764
  ],
  "upper_right": [
    168.98321417534274,
    494.212240759741
  ],
  "left_edge": [
    169.87362606868072,
    267.6386870653776
  ],
  "right_edge": [
    181.55060431860824,
    267.9857419316432
  ]
}