{
  "p0": [
    211.76113646746052,
    128.86839337846246
  ],
  "p2": [
    188.20938586871742,
    401.2664411405392
  ],
  "orientation": "vertical",
  "p1": [
    187.83089584404647,
    261.59481608376643
  ],
  "start_radius": 3.5783132530120483,
  "end_radius": 3.5783132530120483
}