{
  "p0": [
    165.81750389176284,
    2.6343917392561025
  ],
  "p2": [
    156.67531882768031,
    467.04423760839336
  ],
  "orientation": "vertical",
  "p1": [
    200.92513815079644,
    236.32519395955444
  ],
  "start_radius": 5.841067285382831,
  "end_radius": 5.841067285382831
}