{
  "p0": [
    202.09012622154594,
    128.86839337846246
  ],
  "p2": [
    186.91821371629408,
    401.2664411405392
  ],
  "orientation": "vertical",
  "p1": [
    194.50416996892,
    265.0674172595008
  ],
  "start_radius": 3.5783132530120483,
  "end_radius": 3.5783132530120483
}