{
  "p0": [
    165.8175038917628,
    2.6343917392561593
  ],
  "p2": [
    156.67531882768043,
    467.04423760839336
  ],
  "orientation": "vertical",
  "p1": [
    200.92513815079704,
    236.32519395955518
  ],
  "start_radius": 5.841067285382831,
  "end_radius": 5.841067285382831
}