{
  "p0": [
    265.7662890913335,
    15.053854705204031
  ],
  "p2": [
    259.7553712650276,
    444.9308064419764
  ],
  "orientation": "vertical",
  "p1": [
    289.15513886419177,
    226.9492816980919
  ],
  "start_radius": 5.279481132075472,
  "end_radius": 5.279481132075472
}