{
  "p0": [
    20.42465069789718,
    19.73191068995881
  ],
  "p2": [
    68.14428360628548,
    292.35664852548405
  ],
  "orientation": "vertical",
  "p1": [
    43.847582391232535,
    154.448300261601
  ],
  "start_radius": 8.14043284990479,
  "end_radius": 8.17503180384567
}