{
  "x_min": 173.5,
  "y_min": 131.5,
  "x_max": 263.5,
  "y_max": 397.5,
  "x_span": 90.0,
  "y_span": 266.0,
  "Direction": "up_down",
  "Length": 266.0,
  "width": 7.156626506024097,
  "center": [
    195.5813692480359,
    245.72727272727272
  ],
  "EigenValues": [
    281.27361178411957,
    4032.003286590103
  ],
  "EigenVector": [
    -0.05561138904229342,
    0.9984524893097252
  ],
  "EigenMinorVector": [
    0.9984524893097252,
    0.05561138904229342
  ],
  "EigenRatio": 14.33480823535166,
  "lower_left": [
    202.97768399066095,
    112.93309164907927
  ],
  "upper_right": [
    188.18505450541087,
    378.5214538054662
  ],
  "left_edge": [
    192.00859347303606,
    245.52827775684426
  ],
  "right_edge": [
    199.15414502303577,
    245.92626769770118
  ]
}