{
  "p0": [
    539.6940096363584,
    31.013983914135252
  ],
  "p2": [
    373.6034798466063,
    379.74549684618
  ],
  "orientation": "vertical",
  "p1": [
    478.50902830601694,
    199.4126914953486
  ],
  "start_radius": 16.097014925373134,
  "end_radius": 16.097014925373134
}