{
  "x_min": 370.5,
  "y_min": 98.5,
  "x_max": 440.5,
  "y_max": 428.5,
  "x_span": 70.0,
  "y_span": 330.0,
  "Direction": "up_down",
  "Length": 330.0,
  "width": 20.25461254612546,
  "center": [
    401.1454727637092,
    305.6419202040444
  ],
  "EigenValues": [
    213.21253743387024,
    4337.547763979982
  ],
  "EigenVector": [
    -0.13261654345828616,
    0.9911674189566445
  ],
  "EigenMinorVector": [
    0.9911674189566445,
    0.13261654345828616
  ],
  "EigenRatio": 20.34377441488548,
  "lower_left": [
    423.02720243432645,
    142.09929607619807
  ],
  "upper_right": [
    379.263743093092,
    469.1845443318908
  ],
  "left_edge": [
    391.1076167440542,
    304.2988718515674
  ],
  "right_edge": [
    411.18332878336423,
    306.98496855652144
  ]
}