{
  "p0": [
    178.08940888783795,
    1.6692595051109436
  ],
  "p2": [
    52.524523957642685,
    479.8221586156383
  ],
  "orientation": "vertical",
  "p1": [
    109.91298629810589,
    233.90378358846186
  ],
  "start_radius": 26.57667386609071,
  "end_radius": 26.57667386609071
}