{
  "p0": [
    161.11543585382023,
    1.6692595051109436
  ],
  "p2": [
    58.068814882566976,
    479.8221586156383
  ],
  "orientation": "vertical",
  "p1": [
    162.37046879412526,
    238.4644165970294
  ],
  "start_radius": 26.77575208074951,
  "end_radius": 26.75938487216736
}