{
  "p0": [
    105.07809411113134,
    171.16915177106853
  ],
  "p2": [
    76.86484384849639,
    442.09932265031546
  ],
  "orientation": "vertical",
  "p1": [
    90.97146897981386,
    306.634237210692
  ],
  "start_radius": 17.568773234200744,
  "end_radius": 17.568773234200744
}