{
  "x_min": 39.5,
  "y_min": 71.5,
  "x_max": 139.5,
  "y_max": 468.5,
  "x_span": 100.0,
  "y_span": 397.0,
  "Direction": "up_down",
  "Length": 397.0,
  "width": 42.756281407035175,
  "center": [
    95.53361344537815,
    296.8356643356643
  ],
  "EigenValues": [
    195.01505422446462,
    10137.717871164823
  ],
  "EigenVector": [
    -0.2120665763948853,
    0.9772552211045753
  ],
  "EigenMinorVector": [
    0.9772552211045753,
    0.2120665763948853
  ],
  "EigenRatio": 51.98428352867666,
  "lower_left": [
    137.62882885976288,
    102.85050294640612
  ],
  "upper_right": [
    53.43839803099342,
    490.82082572492254
  ],
  "left_edge": [
    74.64171382535736,
    292.3020752269812
  ],
  "right_edge": [
    116.42551306539895,
    301.36925344434746
  ]
}