{
  "p0": [
    276.2968609626449,
    15.053854705204031
  ],
  "p2": [
    269.09947884546034,
    444.9308064419764
  ],
  "orientation": "vertical",
  "p1": [
    272.69816990405263,
    229.9923305735902
  ],
  "start_radius": 5.279481132075472,
  "end_radius": 5.279481132075472
}