{
  "p0": [
    21.250096027372823,
    19.73191068995881
  ],
  "p2": [
    70.09164244926794,
    292.35664852548405
  ],
  "orientation": "vertical",
  "p1": [
    34.931274921032575,
    152.4947577204945
  ],
  "start_radius": 7.869485294117647,
  "end_radius": 7.869485294117647
}