{
  "p0": [
    265.7662890913336,
    15.053854705204031
  ],
  "p2": [
    259.75537126502763,
    444.9308064419764
  ],
  "orientation": "vertical",
  "p1": [
    289.1551388641917,
    226.94928169809094
  ],
  "start_radius": 5.279481132075472,
  "end_radius": 5.279481132075472
}