{
  "p0": [
    545.0357032053771,
    31.013983914135252
  ],
  "p2": [
    356.27496726137844,
    379.74549684618
  ],
  "orientation": "vertical",
  "p1": [
    479.77556550772533,
    210.76215987340203
  ],
  "start_radius": 16.081850794361337,
  "end_radius": 16.105574234299088
}