{
  "p0": [
    183.59354237836095,
    2.6343917392561025
  ],
  "p2": [
    169.79068229753895,
    467.04423760839336
  ],
  "orientation": "vertical",
  "p1": [
    176.69211233794994,
    234.83931467382473
  ],
  "start_radius": 5.841067285382831,
  "end_radius": 5.841067285382831
}