{
  "p0": [
    553.58275958962,
    31.013983914135224
  ],
  "p2": [
    376.2986497752387,
    379.74549684618
  ],
  "orientation": "vertical",
  "p1": [
    464.9407046824293,
    205.3797403801576
  ],
  "start_radius": 16.097014925373134,
  "end_radius": 16.097014925373134
}