{
  "p0": [
    13.917897541955927,
    19.73191068995881
  ],
  "p2": [
    68.05741747466999,
    292.35664852548405
  ],
  "orientation": "vertical",
  "p1": [
    40.98765750831296,
    156.04427960772142
  ],
  "start_radius": 7.869485294117647,
  "end_radius": 7.869485294117647
}