{
  "p0": [
    144.8388973559387,
    69.62472450365388
  ],
  "p2": [
    58.48982388071958,
    467.5426063582116
  ],
  "orientation": "vertical",
  "p1": [
    101.66436061832914,
    268.58366543093274
  ],
  "start_radius": 21.378140703517587,
  "end_radius": 21.378140703517587
}