{
  "p0": [
    135.95374975088131,
    69.62472450365388
  ],
  "p2": [
    50.165171277185884,
    467.5426063582116
  ],
  "orientation": "vertical",
  "p1": [
    114.02515209962897,
    264.97861809865515
  ],
  "start_radius": 21.35804042675273,
  "end_radius": 21.378907239495895
}