{
  "p0": [
    481.97104086688586,
    151.94215709279928
  ],
  "p2": [
    337.8859450872346,
    437.58095921752533
  ],
  "orientation": "vertical",
  "p1": [
    424.8776205642867,
    286.45741138148816
  ],
  "start_radius": 15.18795620437957,
  "end_radius": 15.187956204379574
}