{
  "x_min": 382.5,
  "y_min": 44.5,
  "x_max": 542.5,
  "y_max": 378.5,
  "x_span": 160.0,
  "y_span": 334.0,
  "Direction": "up_down",
  "Length": 334.0,
  "width": 32.19402985074627,
  "center": [
    464.9407046824293,
    205.3797403801576
  ],
  "EigenValues": [
    91.50604760912665,
    9208.214589809042
  ],
  "EigenVector": [
    -0.4531715285390762,
    0.8914233369850473
  ],
  "EigenMinorVector": [
    0.8914233369850473,
    0.4531715285390762
  ],
  "EigenRatio": 100.62957400523362,
  "lower_left": [
    540.6203499484551,
    56.51204310365472
  ],
  "upper_right": [
    389.2610594164036,
    354.2474376566605
  ],
  "left_edge": [
    450.5914499221551,
    198.08503152150993
  ],
  "right_edge": [
    479.28995944270355,
    212.6744492388053
  ]
}