{
  "p0": [
    136.70443910319588,
    69.62472450365388
  ],
  "p2": [
    54.71043309713908,
    467.5426063582116
  ],
  "orientation": "vertical",
  "p1": [
    110.29534514170797,
    266.29110845102724
  ],
  "start_radius": 21.378140703517587,
  "end_radius": 21.378140703517587
}