{
  "p0": [
    488.4985778676156,
    151.94215709279925
  ],
  "p2": [
    341.56935440354323,
    437.5809592175254
  ],
  "orientation": "vertical",
  "p1": [
    415.0339661355794,
    294.76155815516233
  ],
  "start_radius": 15.187956204379562,
  "end_radius": 15.187956204379562
}