{
  "p0": [
    176.05781587836634,
    1.669259505110972
  ],
  "p2": [
    51.24823661082566,
    479.82215861563816
  ],
  "orientation": "vertical",
  "p1": [
    113.65302624459599,
    240.74570906037457
  ],
  "start_radius": 26.57667386609071,
  "end_radius": 26.57667386609071
}