{
  "p0": [
    532.5652029849807,
    4.280735574530439
  ],
  "p2": [
    473.9702886707563,
    484.29253912640183
  ],
  "orientation": "vertical",
  "p1": [
    496.53650570755826,
    239.21175756893058
  ],
  "start_radius": 9.373893805309734,
  "end_radius": 9.373893805309734
}