{
  "p0": [
    103.32818486685751,
    171.16915177106853
  ],
  "p2": [
    74.60934298839808,
    442.09932265031546
  ],
  "orientation": "vertical",
  "p1": [
    92.64727082266428,
    310.5554419445536
  ],
  "start_radius": 17.568773234200755,
  "end_radius": 17.568773234200748
}