{
  "x_min": 464.5,
  "y_min": 11.5,
  "x_max": 536.5,
  "y_max": 462.5,
  "x_span": 72.0,
  "y_span": 451.0,
  "Direction": "up_down",
  "Length": 451.0,
  "width": 18.74778761061947,
  "center": [
    500.95881519943356,
    221.4806466839745
  ],
  "EigenValues": [
    86.4496094981896,
    14977.702043111365
  ],
  "EigenVector": [
    -0.09953976263526274,
    0.9950335851892215
  ],
  "EigenMinorVector": [
    0.9950335851892215,
    0.09953976263526274
  ],
  "EigenRatio": 173.25355348684394,
  "lower_left": [
    523.4050316736854,
    -2.899426776194929
  ],
  "upper_right": [
    478.5125987251818,
    445.8607201441439
  ],
  "left_edge": [
    491.6314760391532,
    220.54757151962582
  ],
  "right_edge": [
    510.2861543597139,
    222.41372184832318
  ]
}