{
  "p0": [
    211.76113646746006,
    128.86839337846246
  ],
  "p2": [
    188.20938586871677,
    401.2664411405392
  ],
  "orientation": "vertical",
  "p1": [
    187.83089584404675,
    261.5948160837664
  ],
  "start_radius": 3.5783132530120483,
  "end_radius": 3.5783132530120483
}