{
  "p0": [
    176.05781587836628,
    1.6692595051109436
  ],
  "p2": [
    51.2482366108257,
    479.8221586156383
  ],
  "orientation": "vertical",
  "p1": [
    113.65302624459599,
    240.74570906037462
  ],
  "start_radius": 26.57667386609071,
  "end_radius": 26.57667386609071
}