{
  "x_min": 63.5,
  "y_min": 171.5,
  "x_max": 114.5,
  "y_max": 439.5,
  "x_span": 51.0,
  "y_span": 268.0,
  "Direction": "up_down",
  "Length": 268.0,
  "width": 35.13754646840149,
  "center": [
    90.2997249259416,
    313.0849555649598
  ],
  "EigenValues": [
    122.14560494420402,
    4857.630784852235
  ],
  "EigenVector": [
    -0.1035746968472093,
    0.9946216779122646
  ],
  "EigenMinorVector": [
    0.9946216779122646,
    0.1035746968472093
  ],
  "EigenRatio": 39.76918192898709,
  "lower_left": [
    104.17873430346765,
    179.80565072471632
  ],
  "upper_right": [
    76.42071554841556,
    446.36426040520325
  ],
  "left_edge": [
    72.82544221288077,
    311.2652752032501
  ],
  "right_edge": [
    107.77400763900243,
    314.90463592666947
  ]
}