{
  "p0": [
    100.19471134814906,
    171.16915177106853
  ],
  "p2": [
    73.17650705997215,
    442.09932265031546
  ],
  "orientation": "vertical",
  "p1": [
    97.28178907083188,
    304.136750906999
  ],
  "start_radius": 17.568773234200744,
  "end_radius": 17.568773234200744
}