{
  "x_min": 256.5,
  "y_min": 16.5,
  "x_max": 281.5,
  "y_max": 439.5,
  "x_span": 25.0,
  "y_span": 423.0,
  "Direction": "up_down",
  "Length": 423.0,
  "width": 10.558962264150944,
  "center": [
    272.5268036631673,
    240.22749609113245
  ],
  "EigenValues": [
    26.380755727424912,
    10953.308772599567
  ],
  "EigenVector": [
    -0.01674054284482618,
    0.9998598672940426
  ],
  "EigenMinorVector": [
    0.9998598672940426,
    0.01674054284482618
  ],
  "EigenRatio": 415.20072001624743,
  "lower_left": [
    276.06742847484804,
    28.757134158442426
  ],
  "upper_right": [
    268.98617885148656,
    451.6978580238225
  ],
  "left_edge": [
    267.2480623590689,
    240.13911471104248
  ],
  "right_edge": [
    277.8055449672657,
    240.31587747122242
  ]
}