{
  "x_min": 51.5,
  "y_min": 10.5,
  "x_max": 202.5,
  "y_max": 472.5,
  "x_span": 151.0,
  "y_span": 462.0,
  "Direction": "up_down",
  "Length": 462.0,
  "width": 53.15334773218142,
  "center": [
    119.58289313287281,
    218.02803738317758
  ],
  "EigenValues": [
    251.45222120320614,
    17708.076164843143
  ],
  "EigenVector": [
    -0.25256217463370495,
    0.9675806674093348
  ],
  "EigenMinorVector": [
    0.9675806674093348,
    0.25256217463370495
  ],
  "EigenRatio": 70.42322426148986,
  "lower_left": [
    177.92475547325864,
    -5.483096788378759
  ],
  "upper_right": [
    61.24103079248697,
    441.5391715547339
  ],
  "left_edge": [
    93.86781729600054,
    211.31577483702696
  ],
  "right_edge": [
    145.29796896974509,
    224.7402999293282
  ]
}