{
  "p0": [
    420.4535002651571,
    94.93229493673408
  ],
  "p2": [
    364.0647317010546,
    436.4760195063215
  ],
  "orientation": "vertical",
  "p1": [
    432.7631711948743,
    275.7380630458563
  ],
  "start_radius": 10.12730627306273,
  "end_radius": 10.12730627306273
}