{
  "p0": [
    522.6867527465092,
    4.280735574530439
  ],
  "p2": [
    474.66801076747197,
    484.29253912640183
  ],
  "orientation": "vertical",
  "p1": [
    498.6773817569906,
    244.28663735046615
  ],
  "start_radius": 9.373893805309734,
  "end_radius": 9.373893805309734
}