{
  "x_min": 153.5,
  "y_min": 11.5,
  "x_max": 204.5,
  "y_max": 464.5,
  "x_span": 51.0,
  "y_span": 453.0,
  "Direction": "up_down",
  "Length": 453.0,
  "width": 11.682134570765662,
  "center": [
    175.71211519364448,
    267.8122144985104
  ],
  "EigenValues": [
    121.34424465718985,
    15661.81679224815
  ],
  "EigenVector": [
    -0.029708172266232825,
    0.9995586148398701
  ],
  "EigenMinorVector": [
    0.9995586148398701,
    0.029708172266232825
  ],
  "EigenRatio": 129.06930062067977,
  "lower_left": [
    182.44101621194622,
    41.41218823727982
  ],
  "upper_right": [
    168.98321417534274,
    494.212240759741
  ],
  "left_edge": [
    169.87362606868075,
    267.6386870653776
  ],
  "right_edge": [
    181.5506043186082,
    267.9857419316432
  ]
}