{
  "p0": [
    429.33806832516984,
    94.93229493673408
  ],
  "p2": [
    383.6400890272154,
    436.4760195063215
  ],
  "orientation": "vertical",
  "p1": [
    406.48907867619266,
    265.7041572215278
  ],
  "start_radius": 10.12730627306273,
  "end_radius": 10.12730627306273
}