{
  "p0": [
    366.58311034844945,
    25.808744162452026
  ],
  "p2": [
    447.775321957897,
    11.645884307976493
  ],
  "orientation": "horizontal",
  "p1": [
    402.7866147764054,
    13.600445656169434
  ],
  "start_radius": 4.926829268292683,
  "end_radius": 4.926829268292683
}