{
  "p0": [
    69.95427629748245,
    91.28979250061371
  ],
  "p2": [
    16.872819202389916,
    159.6246198542629
  ],
  "orientation": "vertical",
  "p1": [
    50.30544989579131,
    123.71728879443316
  ],
  "start_radius": 4.478260869565218,
  "end_radius": 4.478260869565218
}