{
  "p0": [
    366.58311034844945,
    25.80874416245202
  ],
  "p2": [
    447.775321957897,
    11.645884307976495
  ],
  "orientation": "horizontal",
  "p1": [
    402.7866147764054,
    13.60044565616943
  ],
  "start_radius": 4.926829268292683,
  "end_radius": 4.926829268292683
}