{
  "x_min": 366.5,
  "y_min": 7.5,
  "x_max": 447.5,
  "y_max": 31.5,
  "x_span": 81.0,
  "y_span": 24.0,
  "Direction": "left_right",
  "Length": 81.0,
  "width": 9.853658536585366,
  "center": [
    401.41460396039605,
    18.879950495049506
  ],
  "EigenValues": [
    11.777785805399965,
    561.7308422878928
  ],
  "EigenVector": [
    0.977314635576504,
    -0.2117925945069025
  ],
  "EigenMinorVector": [
    -0.2117925945069025,
    -0.977314635576504
  ],
  "EigenRatio": 47.694095610937865,
  "lower_left": [
    361.83336121954767,
    27.45755057257906
  ],
  "upper_right": [
    440.99584670124443,
    10.302350417519955
  ],
  "left_edge": [
    402.4580699138203,
    23.695012845938624
  ],
  "right_edge": [
    400.3711380069718,
    14.064888144160388
  ]
}