{
  "p0": [
    366.58311034844945,
    25.808744162452022
  ],
  "p2": [
    447.775321957897,
    11.645884307976505
  ],
  "orientation": "horizontal",
  "p1": [
    402.78661477640526,
    13.600445656169427
  ],
  "start_radius": 4.926829268292683,
  "end_radius": 4.926829268292683
}