{
  "p0": [
    69.9542762974825,
    91.28979250061371
  ],
  "p2": [
    16.87281920238996,
    159.6246198542629
  ],
  "orientation": "vertical",
  "p1": [
    50.30544989579131,
    123.7172887944333
  ],
  "start_radius": 4.478260869565218,
  "end_radius": 4.478260869565218
}