{
  "x_min": 13.5,
  "y_min": 92.5,
  "x_max": 70.5,
  "y_max": 160.5,
  "x_span": 57.0,
  "y_span": 68.0,
  "Direction": "up_down",
  "Length": 68.0,
  "width": 8.956521739130435,
  "center": [
    42.84142394822006,
    128.70388349514562
  ],
  "EigenValues": [
    5.680310484370864,
    626.7917644370837
  ],
  "EigenVector": [
    -0.630186155218553,
    0.7764440802600389
  ],
  "EigenMinorVector": [
    0.7764440802600389,
    0.630186155218553
  ],
  "EigenRatio": 110.34463101298334,
  "lower_left": [
    64.26775322565086,
    102.3047847663043
  ],
  "upper_right": [
    21.41509467078926,
    155.10298222398694
  ],
  "left_edge": [
    39.36430480618598,
    125.88174549568862
  ],
  "right_edge": [
    46.318543090254146,
    131.52602149460262
  ]
}