{
  "p0": [
    69.95427629748258,
    91.28979250061371
  ],
  "p2": [
    16.87281920239004,
    159.6246198542629
  ],
  "orientation": "vertical",
  "p1": [
    50.305449895791426,
    123.71728879443341
  ],
  "start_radius": 4.478260869565218,
  "end_radius": 4.478260869565218
}