{
  "p0": [
    366.58311034844945,
    26.42823856327551
  ],
  "p2": [
    447.775321957897,
    8.833179076240693
  ],
  "orientation": "horizontal",
  "p1": [
    407.17921615317323,
    17.6307088197581
  ],
  "start_radius": 4.926829268292683,
  "end_radius": 4.926829268292683
}