{
  "x_min": 13.5,
  "y_min": 92.5,
  "x_max": 70.5,
  "y_max": 160.5,
  "x_span": 57.0,
  "y_span": 68.0,
  "Direction": "up_down",
  "Length": 68.0,
  "width": 8.956521739130435,
  "center": [
    42.84142394822006,
    128.70388349514562
  ],
  "EigenValues": [
    5.68031048437058,
    626.7917644370832
  ],
  "EigenVector": [
    -0.6301861552185535,
    0.7764440802600387
  ],
  "EigenMinorVector": [
    0.7764440802600387,
    0.6301861552185535
  ],
  "EigenRatio": 110.34463101298878,
  "lower_left": [
    64.26775322565088,
    102.3047847663043
  ],
  "upper_right": [
    21.415094670789244,
    155.10298222398694
  ],
  "left_edge": [
    39.36430480618598,
    125.88174549568862
  ],
  "right_edge": [
    46.318543090254146,
    131.52602149460262
  ]
}