{
  "p0": [
    73.20786340506378,
    91.28979250061371
  ],
  "p2": [
    17.745192992150884,
    159.6246198542629
  ],
  "orientation": "vertical",
  "p1": [
    45.476528198607326,
    125.45720617743831
  ],
  "start_radius": 4.478260869565218,
  "end_radius": 4.478260869565218
}