{
  "p0": [
    490.8195906968471,
    118.10770650649542
  ],
  "p2": [
    572.9616498508988,
    474.92098874827934
  ],
  "orientation": "vertical",
  "p1": [
    537.2930066337298,
    296.98747121607494
  ],
  "start_radius": 6.571629213483146,
  "end_radius": 6.571629213483146
}