{
  "p0": [
    14.935976010940024,
    193.64178084492605
  ],
  "p2": [
    149.55101874280388,
    405.24693623752046
  ],
  "orientation": "vertical",
  "p1": [
    55.36400732016892,
    309.4675811513059
  ],
  "start_radius": 8.71881493854547,
  "end_radius": 8.682479312933648
}