{
  "x_min": 250.5,
  "y_min": 5.5,
  "x_max": 318.5,
  "y_max": 456.5,
  "x_span": 68.0,
  "y_span": 451.0,
  "Direction": "up_down",
  "Length": 451.0,
  "width": 43.123893805309734,
  "center": [
    287.43735891647856,
    233.12482043915452
  ],
  "EigenValues": [
    171.49639351568658,
    14451.014705304726
  ],
  "EigenVector": [
    -0.07979081667325137,
    0.9968116299354735
  ],
  "EigenMinorVector": [
    0.9968116299354735,
    0.07979081667325137
  ],
  "EigenRatio": 84.26424841396393,
  "lower_left": [
    305.43018807629676,
    8.343797888705268
  ],
  "upper_right": [
    269.44452975666036,
    457.9058429896038
  ],
  "left_edge": [
    265.944159479861,
    231.40437508672642
  ],
  "right_edge": [
    308.9305583530961,
    234.84526579158262
  ]
}