{
  "p0": [
    326.58224082079954,
    215.11112407666744
  ],
  "p2": [
    324.094258633284,
    276.0810606427245
  ],
  "orientation": "vertical",
  "p1": [
    328.02579108865797,
    242.24205732837385
  ],
  "start_radius": 3.2777777777777777,
  "end_radius": 3.2777777777777777
}