{
  "p0": [
    327.7701226732094,
    215.11112407666744
  ],
  "p2": [
    323.6397685923366,
    276.0810606427245
  ],
  "orientation": "vertical",
  "p1": [
    325.70494563277305,
    245.59609235969594
  ],
  "start_radius": 3.2777777777777777,
  "end_radius": 3.2777777777777777
}