{
  "p0": [
    9.023037635647079,
    193.64178084492605
  ],
  "p2": [
    138.36000765518935,
    405.24693623752046
  ],
  "orientation": "vertical",
  "p1": [
    73.69152264541822,
    299.44435854122327
  ],
  "start_radius": 8.740816326530613,
  "end_radius": 8.740816326530613
}