{
  "p0": [
    310.0611451182044,
    3.9753152221074117
  ],
  "p2": [
    266.06050244071116,
    462.02956505046626
  ],
  "orientation": "vertical",
  "p1": [
    294.6191020139469,
    228.85601144243077
  ],
  "start_radius": 25.845814977973568,
  "end_radius": 25.845814977973568
}