{
  "p0": [
    315.05168506596,
    3.9753152221074117
  ],
  "p2": [
    268.34673429176985,
    462.02956505046626
  ],
  "orientation": "vertical",
  "p1": [
    291.6992096788649,
    233.00244013628685
  ],
  "start_radius": 25.845814977973568,
  "end_radius": 25.845814977973568
}