{
  "p0": [
    495.58186191320715,
    98.10045878520725
  ],
  "p2": [
    520.7209049826397,
    373.8575386691839
  ],
  "orientation": "vertical",
  "p1": [
    510.24434407374645,
    232.35100139164996
  ],
  "start_radius": 4.515325670498084,
  "end_radius": 4.515325670498084
}