{
  "p0": [
    495.58186191320704,
    98.10045878520725
  ],
  "p2": [
    520.720904982639,
    373.8575386691839
  ],
  "orientation": "vertical",
  "p1": [
    510.24434407374895,
    232.3510013916502
  ],
  "start_radius": 4.515325670498084,
  "end_radius": 4.515325670498084
}