{
  "p0": [
    309.45302378404693,
    32.226695137002906
  ],
  "p2": [
    292.40537539931336,
    421.5968784212274
  ],
  "orientation": "vertical",
  "p1": [
    300.9291995916801,
    226.91178677911518
  ],
  "start_radius": 21.136482939632547,
  "end_radius": 21.136482939632547
}