{
  "p0": [
    15.186192340984382,
    193.64178084492605
  ],
  "p2": [
    149.21800256554067,
    405.24693623752046
  ],
  "orientation": "vertical",
  "p1": [
    55.59176531087917,
    308.91213698740864
  ],
  "start_radius": 8.740816326530613,
  "end_radius": 8.740816326530613
}