{
  "x_min": 496.5,
  "y_min": 116.5,
  "x_max": 590.5,
  "y_max": 471.5,
  "x_span": 94.0,
  "y_span": 355.0,
  "Direction": "up_down",
  "Length": 355.0,
  "width": 13.143258426966293,
  "center": [
    540.4940158153452,
    321.8479375935029
  ],
  "EigenValues": [
    495.91704099325216,
    8692.855808523766
  ],
  "EigenVector": [
    0.19909043623130407,
    0.9799811213494009
  ],
  "EigenMinorVector": [
    0.9799811213494009,
    -0.19909043623130407
  ],
  "EigenRatio": 17.528850775349838,
  "lower_left": [
    505.1554633842887,
    147.90128855398422
  ],
  "upper_right": [
    575.8325682464016,
    495.79458663302154
  ],
  "left_edge": [
    534.0539432496234,
    323.1562861203656
  ],
  "right_edge": [
    546.9340883810669,
    320.53958906664013
  ]
}