{
  "p0": [
    488.28152327069336,
    60.96083340168633
  ],
  "p2": [
    518.1212053958236,
    339.98453199622384
  ],
  "orientation": "vertical",
  "p1": [
    509.3322692054878,
    196.40817134461224
  ],
  "start_radius": 3.628846153846154,
  "end_radius": 3.628846153846154
}