{
  "p0": [
    488.2815232706971,
    60.96083340168633
  ],
  "p2": [
    518.1212053958384,
    339.98453199622384
  ],
  "orientation": "vertical",
  "p1": [
    509.33226920547327,
    196.4081713446115
  ],
  "start_radius": 3.628846153846154,
  "end_radius": 3.628846153846154
}