{
  "p0": [
    310.06114511820476,
    3.9753152221074117
  ],
  "p2": [
    266.0605024407108,
    462.02956505046626
  ],
  "orientation": "vertical",
  "p1": [
    294.61910201394664,
    228.85601144243077
  ],
  "start_radius": 25.845814977973568,
  "end_radius": 25.845814977973568
}