{
  "p0": [
    499.1026761238973,
    118.10770650649542
  ],
  "p2": [
    571.5919419546749,
    474.92098874827934
  ],
  "orientation": "vertical",
  "p1": [
    535.3473090392861,
    296.5143476273874
  ],
  "start_radius": 6.571629213483146,
  "end_radius": 6.571629213483146
}