{
  "p0": [
    652.703915608863,
    66.62422325882986
  ],
  "p2": [
    559.8943430148383,
    447.3043980787329
  ],
  "orientation": "vertical",
  "p1": [
    605.2686735302227,
    258.8146925472932
  ],
  "start_radius": 5.743795680361183,
  "end_radius": 15.074212611367173
}