{
  "p0": [
    654.131187347393,
    66.62422325882986
  ],
  "p2": [
    545.9001174953023,
    447.3043980787329
  ],
  "orientation": "vertical",
  "p1": [
    600.0156524213477,
    256.96431066878137
  ],
  "start_radius": 10.122641509433961,
  "end_radius": 10.122641509433961
}