{
  "p0": [
    488.28152327069336,
    60.96083340168633
  ],
  "p2": [
    518.1212053958249,
    339.98453199622384
  ],
  "orientation": "vertical",
  "p1": [
    509.33226920548896,
    196.40817134461236
  ],
  "start_radius": 3.628846153846154,
  "end_radius": 3.628846153846154
}