{
  "p0": [
    314.94727639166746,
    4.970383057185984
  ],
  "p2": [
    308.4931333867901,
    369.3837233825715
  ],
  "orientation": "vertical",
  "p1": [
    331.69095952877365,
    193.9038601865775
  ],
  "start_radius": 12.03,
  "end_radius": 12.03
}