{
  "x_min": 542.5,
  "y_min": 71.5,
  "x_max": 638.5,
  "y_max": 441.5,
  "x_span": 96.0,
  "y_span": 370.0,
  "Direction": "up_down",
  "Length": 370.0,
  "width": 20.245283018867923,
  "center": [
    594.873452270004,
    275.050925309546
  ],
  "EigenValues": [
    49.57192703654073,
    9171.562259042248
  ],
  "EigenVector": [
    -0.27347182697510464,
    0.9618800132297679
  ],
  "EigenMinorVector": [
    0.9618800132297679,
    0.27347182697510464
  ],
  "EigenRatio": 185.01524567083413,
  "lower_left": [
    645.4657402603983,
    97.10312286203896
  ],
  "upper_right": [
    544.2811642796097,
    452.9987277570531
  ],
  "left_edge": [
    585.1366857209895,
    272.28266804214707
  ],
  "right_edge": [
    604.6102188190185,
    277.81918257694497
  ]
}