{
  "p0": [
    496.81367542033007,
    98.10045878520725
  ],
  "p2": [
    521.3666385380917,
    373.8575386691839
  ],
  "orientation": "vertical",
  "p1": [
    509.09015697921086,
    235.97899872719557
  ],
  "start_radius": 4.515325670498084,
  "end_radius": 4.515325670498084
}