{
  "p0": [
    490.81959069684694,
    118.10770650649542
  ],
  "p2": [
    572.9616498508983,
    474.92098874827934
  ],
  "orientation": "vertical",
  "p1": [
    537.2930066337301,
    296.9874712160749
  ],
  "start_radius": 6.571629213483146,
  "end_radius": 6.571629213483146
}