{
  "p0": [
    495.5818619132075,
    98.10045878520725
  ],
  "p2": [
    520.7209049826399,
    373.8575386691839
  ],
  "orientation": "vertical",
  "p1": [
    510.2443440737477,
    232.3510013916499
  ],
  "start_radius": 4.515325670498084,
  "end_radius": 4.515325670498084
}