{
  "p0": [
    304.71351576533965,
    32.226695137002906
  ],
  "p2": [
    282.01893448305503,
    421.5968784212274
  ],
  "orientation": "vertical",
  "p1": [
    312.26098390913387,
    222.6840974500766
  ],
  "start_radius": 21.136482939632547,
  "end_radius": 21.136482939632547
}