{
  "p0": [
    306.59612340585295,
    -6.22201237256391
  ],
  "p2": [
    268.27859442710417,
    472.4716532508729
  ],
  "orientation": "vertical",
  "p1": [
    287.43735891647856,
    233.12482043915452
  ],
  "start_radius": 21.561946902654867,
  "end_radius": 21.561946902654867
}