{
  "p0": [
    15.186192340984597,
    193.64178084492602
  ],
  "p2": [
    149.21800256554184,
    405.24693623752046
  ],
  "orientation": "vertical",
  "p1": [
    55.59176531087468,
    308.91213698740785
  ],
  "start_radius": 8.740816326530613,
  "end_radius": 8.740816326530613
}