{
  "x_min": 249.5,
  "y_min": 10.5,
  "x_max": 345.5,
  "y_max": 463.5,
  "x_span": 96.0,
  "y_span": 453.0,
  "Direction": "up_down",
  "Length": 453.0,
  "width": 51.691629955947135,
  "center": [
    292.81123231634564,
    222.09638656894495
  ],
  "EigenValues": [
    263.1535177334572,
    15052.718631784704
  ],
  "EigenVector": [
    -0.1014378557532626,
    0.9948418775967266
  ],
  "EigenMinorVector": [
    0.9948418775967266,
    0.1014378557532626
  ],
  "EigenRatio": 57.201282207564084,
  "lower_left": [
    315.78690664445963,
    -3.235298706713621
  ],
  "upper_right": [
    269.83555798823164,
    447.42807184460355
  ],
  "left_edge": [
    267.09873321564083,
    219.47464251738376
  ],
  "right_edge": [
    318.52373141705044,
    224.71813062050614
  ]
}