{
  "x_min": 9.5,
  "y_min": 161.5,
  "x_max": 152.5,
  "y_max": 405.5,
  "x_span": 143.0,
  "y_span": 244.0,
  "Direction": "up_down",
  "Length": 244.0,
  "width": 17.481632653061226,
  "center": [
    70.61207097828625,
    294.4061405556853
  ],
  "EigenValues": [
    58.47942833464276,
    6120.17551665224
  ],
  "EigenVector": [
    0.5215166757776649,
    0.8532410895437548
  ],
  "EigenMinorVector": [
    0.8532410895437548,
    -0.5215166757776649
  ],
  "EigenRatio": 104.65518714769472,
  "lower_left": [
    6.9870365334111355,
    190.31072763134722
  ],
  "upper_right": [
    134.23710542316138,
    398.50155348002335
  ],
  "left_edge": [
    63.15404733233544,
    298.9646220298807
  ],
  "right_edge": [
    78.07009462423707,
    289.8476590814899
  ]
}