{
  "x_min": 277.5,
  "y_min": 39.5,
  "x_max": 335.5,
  "y_max": 419.5,
  "x_span": 58.0,
  "y_span": 380.0,
  "Direction": "up_down",
  "Length": 380.0,
  "width": 42.272965879265094,
  "center": [
    302.13957531354777,
    199.26667080591085
  ],
  "EigenValues": [
    221.7695432791188,
    9191.786239619592
  ],
  "EigenVector": [
    -0.04374072051733955,
    0.9990429166800714
  ],
  "EigenMinorVector": [
    0.9990429166800714,
    0.04374072051733955
  ],
  "EigenRatio": 41.447468862082765,
  "lower_left": [
    310.4503122118423,
    9.448516636697292
  ],
  "upper_right": [
    293.82883841525324,
    389.08482497512443
  ],
  "left_edge": [
    281.0233217491787,
    198.34214581292886
  ],
  "right_edge": [
    323.2558288779168,
    200.19119579889284
  ]
}