{
  "p0": [
    491.23930435916003,
    118.10770650649542
  ],
  "p2": [
    574.4753063116231,
    474.92098874827934
  ],
  "orientation": "vertical",
  "p1": [
    535.2684154787635,
    299.42523186265726
  ],
  "start_radius": 6.582731728054952,
  "end_radius": 6.583471274088351
}