{
  "p0": [
    314.9472763916678,
    4.970383057185984
  ],
  "p2": [
    308.4931333867906,
    369.3837233825715
  ],
  "orientation": "vertical",
  "p1": [
    331.690959528773,
    193.9038601865775
  ],
  "start_radius": 12.03,
  "end_radius": 12.03
}