{
  "x_min": 490.5,
  "y_min": 71.5,
  "x_max": 519.5,
  "y_max": 333.5,
  "x_span": 29.0,
  "y_span": 262.0,
  "Direction": "up_down",
  "Length": 262.0,
  "width": 7.257692307692308,
  "center": [
    506.33677795442503,
    213.72946475887653
  ],
  "EigenValues": [
    7.214272394497584,
    3495.954004047369
  ],
  "EigenVector": [
    0.09328329814409031,
    0.9956396066285034
  ],
  "EigenMinorVector": [
    0.9956396066285034,
    -0.09328329814409031
  ],
  "EigenRatio": 484.5885784287514,
  "lower_left": [
    494.1166658975492,
    83.30067629054258
  ],
  "upper_right": [
    518.5568900113009,
    344.1582532272105
  ],
  "left_edge": [
    502.7237549972943,
    214.0679754965648
  ],
  "right_edge": [
    509.94980091155577,
    213.39095402118826
  ]
}