{
  "p0": [
    300.5909867426737,
    -6.22201237256391
  ],
  "p2": [
    258.0967903045023,
    472.4716532508729
  ],
  "orientation": "vertical",
  "p1": [
    299.94318204640916,
    239.55074348707103
  ],
  "start_radius": 24.54366440756332,
  "end_radius": 24.09770773751673
}