{
  "x_min": 9.5,
  "y_min": 161.5,
  "x_max": 152.5,
  "y_max": 405.5,
  "x_span": 143.0,
  "y_span": 244.0,
  "Direction": "up_down",
  "Length": 244.0,
  "width": 17.481632653061226,
  "center": [
    70.61207097828625,
    294.4061405556853
  ],
  "EigenValues": [
    58.47942833464094,
    6120.175516652234
  ],
  "EigenVector": [
    0.5215166757776654,
    0.8532410895437544
  ],
  "EigenMinorVector": [
    0.8532410895437544,
    -0.5215166757776654
  ],
  "EigenRatio": 104.65518714769789,
  "lower_left": [
    6.987036533411079,
    190.31072763134725
  ],
  "upper_right": [
    134.23710542316144,
    398.5015534800233
  ],
  "left_edge": [
    63.15404733233544,
    298.9646220298807
  ],
  "right_edge": [
    78.07009462423707,
    289.8476590814899
  ]
}