{
  "p0": [
    326.5822408207985,
    215.11112407666744
  ],
  "p2": [
    324.0942586332841,
    276.0810606427245
  ],
  "orientation": "vertical",
  "p1": [
    328.0257910886579,
    242.24205732837237
  ],
  "start_radius": 3.2777777777777777,
  "end_radius": 3.2777777777777777
}