{
  "p0": [
    315.08917265957746,
    4.970383057185984
  ],
  "p2": [
    302.7969238011898,
    369.3837233825715
  ],
  "orientation": "vertical",
  "p1": [
    351.3508587240705,
    193.2627763797522
  ],
  "start_radius": 13.483135567670825,
  "end_radius": 11.071491610096766
}