{
  "p0": [
    653.1915042976714,
    66.62422325882986
  ],
  "p2": [
    541.7454987376207,
    447.3043980787329
  ],
  "orientation": "vertical",
  "p1": [
    606.4963269043718,
    258.74263877574276
  ],
  "start_radius": 10.122641509433961,
  "end_radius": 10.122641509433961
}