{
  "p0": [
    369.5264209674997,
    3.9753152221074117
  ],
  "p2": [
    352.51194445282664,
    462.02956505046626
  ],
  "orientation": "vertical",
  "p1": [
    232.1677100797757,
    166.97265751711905
  ],
  "start_radius": 15.870288904445136,
  "end_radius": 8.290321362868587
}