{
  "x_min": 303.5,
  "y_min": 4.5,
  "x_max": 344.5,
  "y_max": 353.5,
  "x_span": 41.0,
  "y_span": 349.0,
  "Direction": "up_down",
  "Length": 349.0,
  "width": 24.06,
  "center": [
    319.7548390927443,
    144.5650754067213
  ],
  "EigenValues": [
    84.53147705054653,
    9068.621189693406
  ],
  "EigenVector": [
    -0.008720056883458106,
    0.9999619795811985
  ],
  "EigenMinorVector": [
    0.9999619795811985,
    0.008720056883458106
  ],
  "EigenRatio": 107.28099763678237,
  "lower_left": [
    321.27648901890774,
    -29.928290030197843
  ],
  "upper_right": [
    318.23318916658087,
    319.0584408436404
  ],
  "left_edge": [
    307.72529647838246,
    144.4601731224133
  ],
  "right_edge": [
    331.78438170710615,
    144.6699776910293
  ]
}