{
  "p0": [
    326.58224082079926,
    215.11112407666744
  ],
  "p2": [
    324.0942586332837,
    276.0810606427245
  ],
  "orientation": "vertical",
  "p1": [
    328.02579108865865,
    242.24205732837373
  ],
  "start_radius": 3.2777777777777777,
  "end_radius": 3.2777777777777777
}