{
  "x_min": 495.5,
  "y_min": 105.5,
  "x_max": 522.5,
  "y_max": 365.5,
  "x_span": 27.0,
  "y_span": 260.0,
  "Direction": "up_down",
  "Length": 260.0,
  "width": 9.030651340996169,
  "center": [
    509.09015697921086,
    235.97899872719557
  ],
  "EigenValues": [
    7.920932747437291,
    4629.154747252102
  ],
  "EigenVector": [
    0.08868752209790798,
    0.9960594979337998
  ],
  "EigenMinorVector": [
    0.9960594979337998,
    -0.08868752209790798
  ],
  "EigenRatio": 584.4204079058494,
  "lower_left": [
    497.5607791064828,
    106.4912639958016
  ],
  "upper_right": [
    520.6195348519389,
    365.46673345858954
  ],
  "left_edge": [
    504.59262395884696,
    236.37945177237714
  ],
  "right_edge": [
    513.5876899995748,
    235.578545682014
  ]
}