{
  "p0": [
    492.02360510444754,
    60.96083340168633
  ],
  "p2": [
    518.1658464254808,
    339.98453199622384
  ],
  "orientation": "vertical",
  "p1": [
    505.0947257649642,
    200.47268269895508
  ],
  "start_radius": 3.628846153846154,
  "end_radius": 3.628846153846154
}