{
  "x_min": 319.5,
  "y_min": 213.5,
  "x_max": 329.5,
  "y_max": 275.5,
  "x_span": 10.0,
  "y_span": 62.0,
  "Direction": "up_down",
  "Length": 62.0,
  "width": 6.555555555555555,
  "center": [
    325.31598062954,
    251.33777239709443
  ],
  "EigenValues": [
    6.144173824341436,
    204.11831471558668
  ],
  "EigenVector": [
    -0.0675891950485229,
    0.9977132357108894
  ],
  "EigenMinorVector": [
    0.9977132357108894,
    0.0675891950485229
  ],
  "EigenRatio": 33.22144206059553,
  "lower_left": [
    327.4112456760442,
    220.40866209005685
  ],
  "upper_right": [
    323.22071558303577,
    282.266882704132
  ],
  "left_edge": [
    322.04569835693206,
    251.1162300355465
  ],
  "right_edge": [
    328.5862629021479,
    251.55931475864236
  ]
}