{
  "p0": [
    306.6753233180335,
    32.226695137002906
  ],
  "p2": [
    282.7765926712208,
    421.5968784212274
  ],
  "orientation": "vertical",
  "p1": [
    303.8094234854489,
    218.09237638523587
  ],
  "start_radius": 21.13648293963257,
  "end_radius": 21.136482939632536
}