{
  "p0": [
    303.3540660603969,
    -6.22201237256391
  ],
  "p2": [
    265.0025418629672,
    472.4716532508729
  ],
  "orientation": "vertical",
  "p1": [
    291.02494136313743,
    238.91783148384502
  ],
  "start_radius": 21.561946902654867,
  "end_radius": 21.561946902654867
}