{
  "p0": [
    320.97215903367504,
    4.970383057185984
  ],
  "p2": [
    317.79433315467594,
    369.3837233825715
  ],
  "orientation": "vertical",
  "p1": [
    319.3832460941755,
    187.17705321987873
  ],
  "start_radius": 12.03,
  "end_radius": 12.03
}