{
  "p0": [
    9.023037635647128,
    193.64178084492602
  ],
  "p2": [
    138.3600076551893,
    405.24693623752046
  ],
  "orientation": "vertical",
  "p1": [
    73.69152264541822,
    299.4443585412232
  ],
  "start_radius": 8.740816326530613,
  "end_radius": 8.740816326530613
}