{
  "p0": [
    304.7135157653406,
    32.226695137002906
  ],
  "p2": [
    282.01893448305213,
    421.5968784212274
  ],
  "orientation": "vertical",
  "p1": [
    312.26098390913637,
    222.68409745007853
  ],
  "start_radius": 21.136482939632547,
  "end_radius": 21.136482939632547
}