{
  "p0": [
    22.65418442174058,
    393.77003746983036
  ],
  "p2": [
    379.56917714758623,
    466.1244196412516
  ],
  "orientation": "horizontal",
  "p1": [
    201.8063810627158,
    416.7188761993399
  ],
  "start_radius": 9.866568914956012,
  "end_radius": 9.866568914956012
}