{
  "x_min": 31.5,
  "y_min": 380.5,
  "x_max": 371.5,
  "y_max": 471.5,
  "x_span": 340.0,
  "y_span": 91.0,
  "Direction": "left_right",
  "Length": 340.0,
  "width": 19.733137829912025,
  "center": [
    201.1116807846634,
    426.7193490860455
  ],
  "EigenValues": [
    89.60378221543581,
    8238.910570138802
  ],
  "EigenVector": [
    0.9858658702154659,
    0.1675365212253793
  ],
  "EigenMinorVector": [
    0.1675365212253793,
    -0.9858658702154659
  ],
  "EigenRatio": 91.94824555876288,
  "lower_left": [
    33.51448284803419,
    398.238140477731
  ],
  "upper_right": [
    368.70887872129265,
    455.20055769436
  ],
  "left_edge": [
    199.4586701522212,
    436.4464626354295
  ],
  "right_edge": [
    202.7646914171056,
    416.9922355366615
  ]
}