{
  "p0": [
    22.65418442174058,
    393.7700374698304
  ],
  "p2": [
    379.56917714758623,
    466.1244196412516
  ],
  "orientation": "horizontal",
  "p1": [
    201.80638106271584,
    416.7188761993399
  ],
  "start_radius": 9.866568914956012,
  "end_radius": 9.866568914956012
}