{
  "p0": [
    22.65418442174058,
    396.39255815991226
  ],
  "p2": [
    379.56917714758623,
    457.04614001217874
  ],
  "orientation": "horizontal",
  "p1": [
    201.1116807846634,
    426.7193490860455
  ],
  "start_radius": 9.866568914956012,
  "end_radius": 9.866568914956012
}