{
  "p0": [
    22.65418442174058,
    393.0348121233435
  ],
  "p2": [
    379.56917714758623,
    454.53752606929714
  ],
  "orientation": "horizontal",
  "p1": [
    197.276432554598,
    423.07652970695233
  ],
  "start_radius": 5.549351128098368,
  "end_radius": 8.28654572662867
}