{
  "p0": [
    597.904926060342,
    10.710340851441458
  ],
  "p2": [
    521.1435200833309,
    385.463123078488
  ],
  "orientation": "vertical",
  "p1": [
    533.569071244467,
    193.5341994933865
  ],
  "start_radius": 20.521680216802167,
  "end_radius": 20.521680216802167
}