{
  "x_min": 455.5,
  "y_min": 15.5,
  "x_max": 606.5,
  "y_max": 465.5,
  "x_span": 151.0,
  "y_span": 450.0,
  "Direction": "up_down",
  "Length": 450.0,
  "width": 46.44345898004435,
  "center": [
    533.116108087463,
    236.55900887997709
  ],
  "EigenValues": [
    176.1750782908057,
    17904.797621167574
  ],
  "EigenVector": [
    -0.2519845404470557,
    0.967731259893823
  ],
  "EigenMinorVector": [
    0.967731259893823,
    0.2519845404470557
  ],
  "EigenRatio": 101.63070619791516,
  "lower_left": [
    589.8126296880505,
    18.819475403866903
  ],
  "upper_right": [
    476.41958648687546,
    454.2985423560873
  ],
  "left_edge": [
    510.64371455117026,
    230.707492046048
  ],
  "right_edge": [
    555.5885016237556,
    242.41052571390617
  ]
}