{
  "x_min": 497.5,
  "y_min": 5.5,
  "x_max": 581.5,
  "y_max": 438.5,
  "x_span": 84.0,
  "y_span": 433.0,
  "Direction": "up_down",
  "Length": 433.0,
  "width": 38.465437788018434,
  "center": [
    540.2058823529412,
    215.84820893734275
  ],
  "EigenValues": [
    158.4893691528614,
    11889.57345621107
  ],
  "EigenVector": [
    -0.17951727290102817,
    0.9837548214520616
  ],
  "EigenMinorVector": [
    0.9837548214520616,
    0.17951727290102817
  ],
  "EigenRatio": 75.01811332685473,
  "lower_left": [
    579.0713719360139,
    2.8652900929714065
  ],
  "upper_right": [
    501.34039276986863,
    428.8311277817141
  ],
  "left_edge": [
    521.2856024113275,
    212.39560369101812
  ],
  "right_edge": [
    559.1261622945549,
    219.30081418366737
  ]
}