{
  "p0": [
    592.1034560139633,
    10.710340851441458
  ],
  "p2": [
    507.1238417730108,
    385.463123078488
  ],
  "orientation": "vertical",
  "p1": [
    549.613648893487,
    198.08673196496474
  ],
  "start_radius": 20.521680216802167,
  "end_radius": 20.521680216802167
}