{
  "p0": [
    593.6292888495001,
    4.709953634614891
  ],
  "p2": [
    473.6435983549258,
    468.40806412533925
  ],
  "orientation": "vertical",
  "p1": [
    533.0207625701325,
    231.72430665721095
  ],
  "start_radius": 35.4972422930961,
  "end_radius": -27.258565767257284
}