{
  "p0": [
    17.72943277506483,
    66.23744803685207
  ],
  "p2": [
    55.268931156642644,
    396.30471834519284
  ],
  "orientation": "vertical",
  "p1": [
    31.24347784551746,
    229.22224269630215
  ],
  "start_radius": 5.103076923076923,
  "end_radius": 5.103076923076923
}