{
  "p0": [
    15.207408238422207,
    66.23744803685207
  ],
  "p2": [
    53.72725482911285,
    396.30471834519284
  ],
  "orientation": "vertical",
  "p1": [
    34.46733153376753,
    231.27108319102246
  ],
  "start_radius": 5.103076923076923,
  "end_radius": 5.103076923076923
}