{
  "p0": [
    581.5898556609969,
    -10.936003048143931
  ],
  "p2": [
    498.8219090448855,
    442.6324209228294
  ],
  "orientation": "vertical",
  "p1": [
    540.2058823529412,
    215.84820893734275
  ],
  "start_radius": 19.232718894009217,
  "end_radius": 19.232718894009217
}