{
  "p0": [
    593.4865642877686,
    4.709953634614891
  ],
  "p2": [
    472.74565188715735,
    468.40806412533925
  ],
  "orientation": "vertical",
  "p1": [
    533.116108087463,
    236.55900887997706
  ],
  "start_radius": 23.221729490022174,
  "end_radius": 23.221729490022174
}