{
  "p0": [
    17.7294327750649,
    66.23744803685207
  ],
  "p2": [
    55.26893115664267,
    396.30471834519284
  ],
  "orientation": "vertical",
  "p1": [
    31.24347784551736,
    229.22224269630192
  ],
  "start_radius": 5.103076923076923,
  "end_radius": 5.103076923076923
}