{
  "p0": [
    595.0235330533275,
    10.710340851441458
  ],
  "p2": [
    521.2059174699137,
    385.463123078488
  ],
  "orientation": "vertical",
  "p1": [
    543.1557491161061,
    195.5835171492978
  ],
  "start_radius": 20.52168021680214,
  "end_radius": 20.521680216802178
}