{
  "p0": [
    597.9049260603402,
    10.710340851441458
  ],
  "p2": [
    521.1435200833304,
    385.463123078488
  ],
  "orientation": "vertical",
  "p1": [
    533.5690712444684,
    193.53419949338632
  ],
  "start_radius": 20.521680216802167,
  "end_radius": 20.521680216802167
}