{
  "p0": [
    581.2076476594063,
    -10.936003048143931
  ],
  "p2": [
    500.5147832865716,
    442.6324209228294
  ],
  "orientation": "vertical",
  "p1": [
    537.4546281035184,
    215.42292161987422
  ],
  "start_radius": 19.232718894009217,
  "end_radius": 19.232718894009217
}