{
  "x_min": 517.5,
  "y_min": 11.5,
  "x_max": 624.5,
  "y_max": 379.5,
  "x_span": 107.0,
  "y_span": 368.0,
  "Direction": "up_down",
  "Length": 368.0,
  "width": 41.043360433604335,
  "center": [
    559.5505777484318,
    154.2657312644437
  ],
  "EigenValues": [
    206.95193560228654,
    9127.81603005876
  ],
  "EigenVector": [
    -0.22114727082562113,
    0.9752404240013739
  ],
  "EigenMinorVector": [
    0.9752404240013739,
    0.22114727082562113
  ],
  "EigenRatio": 44.105970806672225,
  "lower_left": [
    600.241675580346,
    -25.178506751809095
  ],
  "upper_right": [
    518.8594799165176,
    333.7099692806965
  ],
  "left_edge": [
    539.537005632577,
    149.72741769174175
  ],
  "right_edge": [
    579.5641498642866,
    158.80404483714565
  ]
}