{
  "p0": [
    581.2076476594066,
    -10.93600304814396
  ],
  "p2": [
    500.5147832865719,
    442.63242092282945
  ],
  "orientation": "vertical",
  "p1": [
    537.4546281035186,
    215.42292161987456
  ],
  "start_radius": 19.232718894009217,
  "end_radius": 19.232718894009217
}