{
  "p0": [
    580.805130608334,
    -10.936003048143931
  ],
  "p2": [
    501.958231775655,
    442.6324209228294
  ],
  "orientation": "vertical",
  "p1": [
    537.1285833339049,
    215.71353669263164
  ],
  "start_radius": 19.232718894009217,
  "end_radius": 19.23271889400921
}