{
  "p0": [
    593.2005793536887,
    4.709953634614891
  ],
  "p2": [
    472.51954127566694,
    468.40806412533925
  ],
  "orientation": "vertical",
  "p1": [
    532.5069791774005,
    234.25157066457461
  ],
  "start_radius": 23.221729490022174,
  "end_radius": 23.221729490022174
}