{
  "p0": [
    17.72943277506494,
    66.23744803685207
  ],
  "p2": [
    55.26893115664264,
    396.30471834519284
  ],
  "orientation": "vertical",
  "p1": [
    31.243477845517212,
    229.22224269630158
  ],
  "start_radius": 5.103076923076923,
  "end_radius": 5.103076923076923
}