{
  "p0": [
    593.2005793536839,
    4.709953634614891
  ],
  "p2": [
    472.5195412756665,
    468.40806412533925
  ],
  "orientation": "vertical",
  "p1": [
    532.5069791774015,
    234.25157066457456
  ],
  "start_radius": 23.221729490022174,
  "end_radius": 23.221729490022174
}