{
  "x_min": 13.5,
  "y_min": 61.5,
  "x_max": 54.5,
  "y_max": 385.5,
  "x_span": 41.0,
  "y_span": 324.0,
  "Direction": "up_down",
  "Length": 324.0,
  "width": 10.206153846153846,
  "center": [
    31.73243895085921,
    207.83644859813083
  ],
  "EigenValues": [
    14.777039921989854,
    8068.399170250919
  ],
  "EigenVector": [
    0.11591632093460297,
    0.9932589826127858
  ],
  "EigenMinorVector": [
    0.9932589826127858,
    -0.11591632093460297
  ],
  "EigenRatio": 546.0091610258329,
  "lower_left": [
    12.953994959453528,
    46.92849341485953
  ],
  "upper_right": [
    50.510882942264885,
    368.7444037814021
  ],
  "left_edge": [
    26.663761958049037,
    208.4279785005002
  ],
  "right_edge": [
    36.80111594366938,
    207.24491869576147
  ]
}