{
  "x_min": 317.5,
  "y_min": 297.5,
  "x_max": 409.5,
  "y_max": 374.5,
  "x_span": 92.0,
  "y_span": 77.0,
  "Direction": "left_right",
  "Length": 92.0,
  "width": 15.204301075268818,
  "center": [
    363.4441301272984,
    333.7234794908062
  ],
  "EigenValues": [
    15.200404493132964,
    1066.509409208892
  ],
  "EigenVector": [
    0.7662585912575265,
    0.6425323115019438
  ],
  "EigenMinorVector": [
    0.6425323115019438,
    -0.7662585912575265
  ],
  "EigenRatio": 70.1632255701291,
  "lower_left": [
    328.1962349294522,
    304.1669931617168
  ],
  "upper_right": [
    398.69202532514464,
    363.2799658198956
  ],
  "left_edge": [
    358.55950276996646,
    339.5486926523016
  ],
  "right_edge": [
    368.3287574846304,
    327.8982663293108
  ]
}