{
  "p0": [
    322.1589754399651,
    301.50245967130786
  ],
  "p2": [
    408.8578002833651,
    373.5467446165867
  ],
  "orientation": "horizontal",
  "p1": [
    365.7858707600723,
    329.430266082012
  ],
  "start_radius": 7.602150537634409,
  "end_radius": 7.602150537634409
}