{
  "p0": [
    322.1589754399651,
    299.10455818327034
  ],
  "p2": [
    408.8578002833651,
    371.80429292909565
  ],
  "orientation": "horizontal",
  "p1": [
    365.50838786166514,
    335.45442555618297
  ],
  "start_radius": 7.602150537634409,
  "end_radius": 7.602150537634409
}