{
  "p0": [
    322.1589754399651,
    302.4366306265475
  ],
  "p2": [
    408.8578002833651,
    373.4114661911115
  ],
  "orientation": "horizontal",
  "p1": [
    364.0571225458973,
    328.3694596239671
  ],
  "start_radius": 7.602150537634381,
  "end_radius": 7.60215053763439
}