{
  "x_min": 456.5,
  "y_min": 328.5,
  "x_max": 549.5,
  "y_max": 370.5,
  "x_span": 93.0,
  "y_span": 42.0,
  "Direction": "left_right",
  "Length": 93.0,
  "width": 16.819148936170212,
  "center": [
    504.24320050600886,
    351.8674889310563
  ],
  "EigenValues": [
    24.93303521717094,
    743.660147274282
  ],
  "EigenVector": [
    0.9514554067309,
    -0.30778662901844434
  ],
  "EigenMinorVector": [
    -0.30778662901844434,
    -0.9514554067309
  ],
  "EigenRatio": 29.826298354647832,
  "lower_left": [
    460.000524093022,
    366.179567180414
  ],
  "upper_right": [
    548.4858769189957,
    337.5554106816986
  ],
  "left_edge": [
    506.83155508302036,
    359.868824027022
  ],
  "right_edge": [
    501.65484592899736,
    343.8661538350906
  ]
}