{
  "p0": [
    457.13359866146044,
    362.4486529720997
  ],
  "p2": [
    551.3528023505572,
    337.8670579885565
  ],
  "orientation": "horizontal",
  "p1": [
    504.0495991417056,
    359.50654463402975
  ],
  "start_radius": 5.324520401150145,
  "end_radius": 7.580348003973979
}