{
  "p0": [
    1.7898993364928941,
    35.97911075041624
  ],
  "p2": [
    191.1561906020623,
    19.675853573903154
  ],
  "orientation": "horizontal",
  "p1": [
    96.4730449692776,
    27.827482162159697
  ],
  "start_radius": 4.99468085106383,
  "end_radius": 4.99468085106383
}