{
  "p0": [
    457.13359866146044,
    367.10698985097235
  ],
  "p2": [
    551.3528023505572,
    336.62798801114025
  ],
  "orientation": "horizontal",
  "p1": [
    504.24320050600886,
    351.8674889310563
  ],
  "start_radius": 8.409574468085106,
  "end_radius": 8.409574468085106
}