{
  "x_min": 3.5,
  "y_min": 3.5,
  "x_max": 190.5,
  "y_max": 39.5,
  "x_span": 187.0,
  "y_span": 36.0,
  "Direction": "left_right",
  "Length": 187.0,
  "width": 9.98936170212766,
  "center": [
    91.9643237486688,
    28.215654952076676
  ],
  "EigenValues": [
    35.5928851409742,
    2620.803102837486
  ],
  "EigenVector": [
    0.9963144077007104,
    -0.08577645952114249
  ],
  "EigenMinorVector": [
    -0.08577645952114249,
    -0.9963144077007104
  ],
  "EigenRatio": 73.63278060930335,
  "lower_left": [
    -1.1910733713476276,
    36.2357539173035
  ],
  "upper_right": [
    185.11972086868525,
    20.195555986849854
  ],
  "left_edge": [
    92.39274978851111,
    33.19192744585842
  ],
  "right_edge": [
    91.5358977088265,
    23.239382458294937
  ]
}