{
  "p0": [
    457.13359866146044,
    363.81268544027847
  ],
  "p2": [
    551.3528023505572,
    333.26994833929166
  ],
  "orientation": "horizontal",
  "p1": [
    503.41030959508475,
    356.4513357243657
  ],
  "start_radius": 8.409574468085106,
  "end_radius": 8.409574468085106
}