{
  "p0": [
    1.7898993364928941,
    25.070783287598182
  ],
  "p2": [
    191.1561906020623,
    6.013156310007231
  ],
  "orientation": "horizontal",
  "p1": [
    95.77310955299268,
    46.79279446101895
  ],
  "start_radius": 4.99468085106383,
  "end_radius": 4.99468085106383
}