{
  "p0": [
    457.13359866146044,
    363.8126854402786
  ],
  "p2": [
    551.3528023505572,
    333.2699483392918
  ],
  "orientation": "horizontal",
  "p1": [
    503.41030959508475,
    356.45133572436515
  ],
  "start_radius": 8.409574468085106,
  "end_radius": 8.409574468085106
}