{
  "p0": [
    322.1589754399651,
    301.5024596713078
  ],
  "p2": [
    408.8578002833651,
    373.5467446165868
  ],
  "orientation": "horizontal",
  "p1": [
    365.7858707600723,
    329.43026608201194
  ],
  "start_radius": 7.602150537634409,
  "end_radius": 7.602150537634409
}