{
  "p0": [
    424.1159213209937,
    20.463204259814944
  ],
  "p2": [
    462.6253672200211,
    294.5823487445208
  ],
  "orientation": "vertical",
  "p1": [
    557.7082861844688,
    152.76905317921606
  ],
  "start_radius": 15.230769230769202,
  "end_radius": 15.230769230769203
}