{
  "p0": [
    81.97226936877047,
    151.7912994155558
  ],
  "p2": [
    116.83886226571204,
    445.3291946978877
  ],
  "orientation": "vertical",
  "p1": [
    110.57835660637852,
    295.431220587176
  ],
  "start_radius": 4.108761329305136,
  "end_radius": 4.108761329305136
}