{
  "p0": [
    520.2307288734728,
    79.00731586414395
  ],
  "p2": [
    416.2903946390748,
    425.8148674546006
  ],
  "orientation": "vertical",
  "p1": [
    488.66998724967357,
    254.5135650596763
  ],
  "start_radius": 12.516827182554675,
  "end_radius": 12.541933396265822
}