{
  "p0": [
    470.1042306513707,
    20.463204259814944
  ],
  "p2": [
    506.0106167632168,
    294.5823487445208
  ],
  "orientation": "vertical",
  "p1": [
    488.05742370729376,
    157.52277650216786
  ],
  "start_radius": 15.23076923076923,
  "end_radius": 15.23076923076923
}