{
  "x_min": 85.5,
  "y_min": 131.5,
  "x_max": 120.5,
  "y_max": 465.5,
  "x_span": 35.0,
  "y_span": 334.0,
  "Direction": "up_down",
  "Length": 334.0,
  "width": 8.217522658610273,
  "center": [
    104.75110294117647,
    312.5066176470588
  ],
  "EigenValues": [
    13.220051311829593,
    5316.751768318011
  ],
  "EigenVector": [
    0.1077228246198591,
    0.994180965949318
  ],
  "EigenMinorVector": [
    0.994180965949318,
    -0.1077228246198591
  ],
  "EigenRatio": 402.1733080234314,
  "lower_left": [
    86.76139122966,
    146.4783963335227
  ],
  "upper_right": [
    122.74081465269293,
    478.5348389605949
  ],
  "left_edge": [
    100.66625063395269,
    312.9492250231404
  ],
  "right_edge": [
    108.83595524840025,
    312.06401027097723
  ]
}