{
  "p0": [
    482.02042680430526,
    217.5179548475856
  ],
  "p2": [
    424.2530690104875,
    474.7327875609984
  ],
  "orientation": "vertical",
  "p1": [
    440.56344729027137,
    344.730614177086
  ],
  "start_radius": 9.95314786530733,
  "end_radius": 8.635308641060247
}