{
  "p0": [
    81.97226936877088,
    151.7912994155558
  ],
  "p2": [
    116.83886226571215,
    445.3291946978877
  ],
  "orientation": "vertical",
  "p1": [
    110.57835660637846,
    295.43122058717614
  ],
  "start_radius": 4.108761329305136,
  "end_radius": 4.108761329305136
}