{
  "p0": [
    529.5060239677383,
    80.22607754228667
  ],
  "p2": [
    441.3466333654138,
    377.27684484455574
  ],
  "orientation": "vertical",
  "p1": [
    485.42632866657607,
    228.75146119342122
  ],
  "start_radius": 12.597602739726028,
  "end_radius": 12.597602739726028
}