{
  "p0": [
    522.1034703822997,
    79.00731586414395
  ],
  "p2": [
    425.9044075719331,
    425.8148674546006
  ],
  "orientation": "vertical",
  "p1": [
    474.00393897711643,
    252.41109165937226
  ],
  "start_radius": 11.794985250737463,
  "end_radius": 11.794985250737463
}