{
  "p0": [
    94.8091864353053,
    219.9317867404272
  ],
  "p2": [
    109.81536902976893,
    314.1003156632908
  ],
  "orientation": "vertical",
  "p1": [
    97.59973454631844,
    264.53237057654997
  ],
  "start_radius": 6.646464646464646,
  "end_radius": 6.646464646464646
}