{
  "p0": [
    522.7735854574047,
    79.00731586414395
  ],
  "p2": [
    415.0983177780282,
    425.8148674546006
  ],
  "orientation": "vertical",
  "p1": [
    487.6893922219192,
    253.324681849272
  ],
  "start_radius": 11.794985250737463,
  "end_radius": 11.794985250737463
}