{
  "p0": [
    553.3048752942518,
    -0.7405574791165179
  ],
  "p2": [
    557.5111355008128,
    471.2356559372231
  ],
  "orientation": "vertical",
  "p1": [
    520.180558077096,
    229.7135465283173
  ],
  "start_radius": 8.586092715231787,
  "end_radius": 8.586092715231787
}