{
  "p0": [
    534.8777781552424,
    80.22607754228667
  ],
  "p2": [
    488.9874842986004,
    377.27684484455574
  ],
  "orientation": "vertical",
  "p1": [
    508.0433213658887,
    227.62662294598107
  ],
  "start_radius": 15.65170908549548,
  "end_radius": 19.875283290766752
}