{
  "x_min": 91.5,
  "y_min": 217.5,
  "x_max": 115.5,
  "y_max": 315.5,
  "x_span": 24.0,
  "y_span": 98.0,
  "Direction": "up_down",
  "Length": 98.0,
  "width": 13.292929292929292,
  "center": [
    101.3822188449848,
    271.4901215805471
  ],
  "EigenValues": [
    18.851531438101915,
    672.5109138102022
  ],
  "EigenVector": [
    0.15331709692995288,
    0.9881770427352435
  ],
  "EigenMinorVector": [
    0.9881770427352435,
    -0.15331709692995288
  ],
  "EigenRatio": 35.67407327189088,
  "lower_left": [
    93.86968109541712,
    223.06944648652018
  ],
  "upper_right": [
    108.89475659455249,
    319.91079667457404
  ],
  "left_edge": [
    94.81433506599703,
    272.50913824499065
  ],
  "right_edge": [
    107.95010262397258,
    270.47110491610357
  ]
}