{
  "x_min": 419.5,
  "y_min": 84.5,
  "x_max": 523.5,
  "y_max": 422.5,
  "x_span": 104.0,
  "y_span": 338.0,
  "Direction": "up_down",
  "Length": 338.0,
  "width": 23.589970501474927,
  "center": [
    474.00393897711643,
    252.41109165937226
  ],
  "EigenValues": [
    161.22370306862376,
    8003.549797693261
  ],
  "EigenVector": [
    -0.26729208477177896,
    0.963615556857794
  ],
  "EigenMinorVector": [
    0.963615556857794,
    0.26729208477177896
  ],
  "EigenRatio": 49.64251313770286,
  "lower_left": [
    519.1763013035471,
    89.56006255040506
  ],
  "upper_right": [
    428.8315766506858,
    415.26212076833946
  ],
  "left_edge": [
    462.63810769659756,
    249.25838546185025
  ],
  "right_edge": [
    485.3697702576353,
    255.56379785689427
  ]
}