{
  "p0": [
    479.2174698894297,
    217.5179548475856
  ],
  "p2": [
    414.1275628569898,
    474.7327875609984
  ],
  "orientation": "vertical",
  "p1": [
    444.5100498964248,
    346.9968992804217
  ],
  "start_radius": 9.67,
  "end_radius": 9.67
}