{
  "x_min": 398.5,
  "y_min": 24.5,
  "x_max": 543.5,
  "y_max": 296.5,
  "x_span": 145.0,
  "y_span": 272.0,
  "Direction": "up_down",
  "Length": 272.0,
  "width": 30.46153846153846,
  "center": [
    488.9123376623377,
    164.04942279942279
  ],
  "EigenValues": [
    854.2362178415751,
    5184.012222493396
  ],
  "EigenVector": [
    0.1298787607930168,
    0.9915298823005135
  ],
  "EigenMinorVector": [
    0.9915298823005135,
    -0.1298787607930168
  ],
  "EigenRatio": 6.068593340132544,
  "lower_left": [
    471.2488261944874,
    29.201358806552946
  ],
  "upper_right": [
    506.575849130188,
    298.8974867922926
  ],
  "left_edge": [
    473.8105748396068,
    166.0275762330395
  ],
  "right_edge": [
    504.0141004850686,
    162.07126936580607
  ]
}