{
  "p0": [
    562.8713064588039,
    -0.7405574791165179
  ],
  "p2": [
    550.6727063254697,
    471.2356559372231
  ],
  "orientation": "vertical",
  "p1": [
    511.18525985624717,
    234.5946745184189
  ],
  "start_radius": 8.114014968820142,
  "end_radius": 8.289076078224738
}