{
  "p0": [
    423.36439626106903,
    20.463204259814944
  ],
  "p2": [
    463.42053938516824,
    294.5823487445208
  ],
  "orientation": "vertical",
  "p1": [
    560.6961996543874,
    146.76581275169357
  ],
  "start_radius": 15.23076923076923,
  "end_radius": 15.23076923076923
}