{
  "p0": [
    479.2174698894292,
    217.5179548475856
  ],
  "p2": [
    414.1275628569896,
    474.7327875609984
  ],
  "orientation": "vertical",
  "p1": [
    444.51004989642536,
    346.9968992804215
  ],
  "start_radius": 9.67,
  "end_radius": 9.67
}