{
  "p0": [
    522.773585457406,
    79.00731586414395
  ],
  "p2": [
    415.0983177780288,
    425.8148674546006
  ],
  "orientation": "vertical",
  "p1": [
    487.6893922219173,
    253.32468184927268
  ],
  "start_radius": 11.794985250737463,
  "end_radius": 11.794985250737463
}