{
  "p0": [
    480.6046137328701,
    217.5179548475856
  ],
  "p2": [
    411.48358077516093,
    474.7327875609984
  ],
  "orientation": "vertical",
  "p1": [
    446.0440972540155,
    346.12537120429204
  ],
  "start_radius": 9.67,
  "end_radius": 9.67
}