{
  "x_min": 436.5,
  "y_min": 87.5,
  "x_max": 536.5,
  "y_max": 378.5,
  "x_span": 100.0,
  "y_span": 291.0,
  "Direction": "up_down",
  "Length": 291.0,
  "width": 25.195205479452056,
  "center": [
    485.42632866657607,
    228.75146119342122
  ],
  "EigenValues": [
    155.10568286576927,
    6295.046419761941
  ],
  "EigenVector": [
    -0.284516559269716,
    0.9586711258306063
  ],
  "EigenMinorVector": [
    0.9586711258306063,
    0.284516559269716
  ],
  "EigenRatio": 40.58553048123818,
  "lower_left": [
    526.8234880403197,
    89.26481238506801
  ],
  "upper_right": [
    444.0291692928324,
    368.23811000177443
  ],
  "left_edge": [
    473.3493706653162,
    225.16723460686762
  ],
  "right_edge": [
    497.50328666783594,
    232.33568777997482
  ]
}