{
  "p0": [
    539.202201123003,
    -0.7405574791165179
  ],
  "p2": [
    537.2603687674256,
    471.2356559372231
  ],
  "orientation": "vertical",
  "p1": [
    538.2312849452143,
    235.24754922905328
  ],
  "start_radius": 8.586092715231787,
  "end_radius": 8.586092715231787
}