{
  "x_min": 505.5,
  "y_min": 6.5,
  "x_max": 568.5,
  "y_max": 458.5,
  "x_span": 63.0,
  "y_span": 452.0,
  "Direction": "up_down",
  "Length": 452.0,
  "width": 17.172185430463575,
  "center": [
    538.4583494022368,
    180.05791232806274
  ],
  "EigenValues": [
    196.98948992517762,
    12807.432105048149
  ],
  "EigenVector": [
    -0.004114224119282125,
    0.9999915365441331
  ],
  "EigenMinorVector": [
    0.9999915365441331,
    0.004114224119282125
  ],
  "EigenRatio": 65.01581434579472,
  "lower_left": [
    539.3881640531945,
    -45.940174930911326
  ],
  "upper_right": [
    537.528534751279,
    406.0559995870368
  ],
  "left_edge": [
    529.8723293550217,
    180.02258721832334
  ],
  "right_edge": [
    547.0443694494518,
    180.09323743780214
  ]
}