{
  "p0": [
    553.3048752942524,
    -0.7405574791165179
  ],
  "p2": [
    557.5111355008128,
    471.2356559372231
  ],
  "orientation": "vertical",
  "p1": [
    520.1805580770963,
    229.71354652831786
  ],
  "start_radius": 8.586092715231787,
  "end_radius": 8.586092715231787
}