{
  "p0": [
    95.00529254829536,
    219.9317867404272
  ],
  "p2": [
    109.99256991851172,
    314.1003156632908
  ],
  "orientation": "vertical",
  "p1": [
    97.21527208028331,
    265.1370620202952
  ],
  "start_radius": 6.646464646464649,
  "end_radius": 6.6464646464646435
}