{
  "p0": [
    93.38286864924513,
    219.9317867404272
  ],
  "p2": [
    107.99325206460438,
    314.1003156632908
  ],
  "orientation": "vertical",
  "p1": [
    100.68806035692475,
    267.016051201859
  ],
  "start_radius": 6.646464646464646,
  "end_radius": 6.646464646464646
}