{
  "p0": [
    423.3643962610688,
    20.463204259814944
  ],
  "p2": [
    463.42053938516824,
    294.5823487445208
  ],
  "orientation": "vertical",
  "p1": [
    560.6961996543874,
    146.76581275169352
  ],
  "start_radius": 15.23076923076923,
  "end_radius": 15.23076923076923
}