{
  "p0": [
    87.33706200442852,
    151.7912994155558
  ],
  "p2": [
    119.14287231038965,
    445.3291946978877
  ],
  "orientation": "vertical",
  "p1": [
    103.23996715740908,
    298.5602470567218
  ],
  "start_radius": 4.108761329305136,
  "end_radius": 4.108761329305136
}