{
  "x_min": 416.5,
  "y_min": 216.5,
  "x_max": 479.5,
  "y_max": 465.5,
  "x_span": 63.0,
  "y_span": 249.0,
  "Direction": "up_down",
  "Length": 249.0,
  "width": 19.34,
  "center": [
    449.32812823164426,
    333.9047569803516
  ],
  "EigenValues": [
    41.38613278775347,
    4169.145324628455
  ],
  "EigenVector": [
    -0.2595214369977918,
    0.9657373471801747
  ],
  "EigenMinorVector": [
    0.9657373471801747,
    0.2595214369977918
  ],
  "EigenRatio": 100.73773614001796,
  "lower_left": [
    481.63854713786935,
    213.67045725641984
  ],
  "upper_right": [
    417.01770932541916,
    454.13905670428335
  ],
  "left_edge": [
    439.98944808441195,
    331.39518468458294
  ],
  "right_edge": [
    458.66680837887657,
    336.4143292761202
  ]
}