{
  "p0": [
    542.2229779404393,
    80.22607754228667
  ],
  "p2": [
    437.68642222660174,
    377.27684484455574
  ],
  "orientation": "vertical",
  "p1": [
    485.97613031965193,
    223.70632859525404
  ],
  "start_radius": 12.597602739726028,
  "end_radius": 12.597602739726028
}