{
  "p0": [
    232.06920063638614,
    273.61124205572327
  ],
  "p2": [
    397.15214707289203,
    330.0320915388722
  ],
  "orientation": "horizontal",
  "p1": [
    314.6106738546391,
    301.8216667972977
  ],
  "start_radius": 6.365168539325842,
  "end_radius": 6.365168539325842
}