{
  "p0": [
    232.06920063638614,
    274.7604662154485
  ],
  "p2": [
    397.15214707289203,
    337.91293339901415
  ],
  "orientation": "horizontal",
  "p1": [
    318.09081480084893,
    290.573285092318
  ],
  "start_radius": 6.365168539325842,
  "end_radius": 6.365168539325842
}