{
  "p0": [
    232.06920063638614,
    270.43317742371727
  ],
  "p2": [
    397.15214707289203,
    343.9647492922543
  ],
  "orientation": "horizontal",
  "p1": [
    316.4304404085928,
    298.2315272613132
  ],
  "start_radius": 8.876788536714507,
  "end_radius": 6.147692907672449
}