{
  "p0": [
    1.6076203211250153,
    324.4533626639366
  ],
  "p2": [
    78.79101218609865,
    351.8791012824443
  ],
  "orientation": "horizontal",
  "p1": [
    37.68233163948814,
    328.56251308474225
  ],
  "start_radius": 3.824675324675325,
  "end_radius": 3.824675324675325
}