{
  "p0": [
    1.6076203211250153,
    328.28548342578154
  ],
  "p2": [
    78.79101218609865,
    346.7423221405761
  ],
  "orientation": "horizontal",
  "p1": [
    40.19931625361183,
    337.5139027831788
  ],
  "start_radius": 3.824675324675325,
  "end_radius": 3.824675324675325
}