{
  "p0": [
    1.6076203211250153,
    324.4533626639381
  ],
  "p2": [
    78.79101218609865,
    351.87910128244494
  ],
  "orientation": "horizontal",
  "p1": [
    37.682331639487856,
    328.5625130847413
  ],
  "start_radius": 3.824675324675325,
  "end_radius": 3.824675324675325
}