{
  "x_min": 3.5,
  "y_min": 321.5,
  "x_max": 79.5,
  "y_max": 351.5,
  "x_span": 76.0,
  "y_span": 30.0,
  "Direction": "left_right",
  "Length": 76.0,
  "width": 7.64935064935065,
  "center": [
    31.17402376910017,
    335.35568760611204
  ],
  "EigenValues": [
    29.131761567265414,
    530.9807316473381
  ],
  "EigenVector": [
    0.9725790607886563,
    0.23257250593192447
  ],
  "EigenMinorVector": [
    0.23257250593192447,
    -0.9725790607886563
  ],
  "EigenRatio": 18.22686659099898,
  "lower_left": [
    -5.783980540868772,
    326.51793238069894
  ],
  "upper_right": [
    68.13202807906912,
    344.19344283152515
  ],
  "left_edge": [
    30.284509444464433,
    339.0754867412063
  ],
  "right_edge": [
    32.06353809373591,
    331.6358884710178
  ]
}