{
  "x_min": 213.5,
  "y_min": 273.5,
  "x_max": 390.5,
  "y_max": 333.5,
  "x_span": 177.0,
  "y_span": 60.0,
  "Direction": "left_right",
  "Length": 177.0,
  "width": 12.730337078651685,
  "center": [
    299.06443071491617,
    296.5083848190644
  ],
  "EigenValues": [
    34.26127965480771,
    2521.133834607471
  ],
  "EigenVector": [
    0.9462603118436445,
    0.3234059712336318
  ],
  "EigenMinorVector": [
    0.3234059712336318,
    -0.9462603118436445
  ],
  "EigenRatio": 73.5855128590824,
  "lower_left": [
    215.32039311675362,
    267.886956364888
  ],
  "upper_right": [
    382.8084683130787,
    325.1298132732408
  ],
  "left_edge": [
    297.00589720138976,
    302.53149118602425
  ],
  "right_edge": [
    301.1229642284426,
    290.4852784521046
  ]
}