{
  "p0": [
    1.6076203211250153,
    324.4533626639383
  ],
  "p2": [
    78.79101218609865,
    351.87910128244516
  ],
  "orientation": "horizontal",
  "p1": [
    37.68233163948784,
    328.56251308474134
  ],
  "start_radius": 3.824675324675325,
  "end_radius": 3.824675324675325
}