{
  "p0": [
    129.78451086987752,
    99.01545373471805
  ],
  "p2": [
    165.6583452006724,
    368.9137864350271
  ],
  "orientation": "vertical",
  "p1": [
    147.72142803527495,
    233.96462008487256
  ],
  "start_radius": 4.671428571428572,
  "end_radius": 4.671428571428572
}