{
  "p0": [
    496.78842021587985,
    49.06501044582808
  ],
  "p2": [
    396.3408267659712,
    371.83977883216977
  ],
  "orientation": "vertical",
  "p1": [
    463.6749294072456,
    210.69854019421012
  ],
  "start_radius": 14.276315789473685,
  "end_radius": 14.276315789473685
}