{
  "p0": [
    598.2380882013551,
    110.264859241562
  ],
  "p2": [
    601.601737998768,
    476.15339838434573
  ],
  "orientation": "vertical",
  "p1": [
    599.9199131000616,
    293.20912881295385
  ],
  "start_radius": 6.991689750692521,
  "end_radius": 6.991689750692521
}