{
  "p0": [
    490.6252144317912,
    69.36008407167427
  ],
  "p2": [
    404.48448297139726,
    327.7113444997543
  ],
  "orientation": "vertical",
  "p1": [
    471.69941561901715,
    198.801748497098
  ],
  "start_radius": 11.54863813229572,
  "end_radius": 11.54863813229572
}