{
  "p0": [
    124.50200246784925,
    122.6931656870463
  ],
  "p2": [
    168.25841536914047,
    254.49904429299147
  ],
  "orientation": "vertical",
  "p1": [
    146.38020891849487,
    188.5961049900189
  ],
  "start_radius": 2.3706896551724137,
  "end_radius": 2.3706896551724137
}