{
  "p0": [
    151.72925979301607,
    205.63464273764663
  ],
  "p2": [
    163.03206649101116,
    376.56449319303033
  ],
  "orientation": "vertical",
  "p1": [
    156.99676068909693,
    287.93722369779977
  ],
  "start_radius": 3.5906040268456376,
  "end_radius": 3.5906040268456376
}