{
  "p0": [
    496.78842021587974,
    49.06501044582808
  ],
  "p2": [
    396.34082676597086,
    371.83977883216977
  ],
  "orientation": "vertical",
  "p1": [
    463.6749294072455,
    210.69854019421
  ],
  "start_radius": 14.276315789473685,
  "end_radius": 14.276315789473685
}