{
  "x_min": 126.5,
  "y_min": 121.5,
  "x_max": 171.5,
  "y_max": 254.5,
  "x_span": 45.0,
  "y_span": 133.0,
  "Direction": "up_down",
  "Length": 133.0,
  "width": 4.741379310344827,
  "center": [
    141.26363636363635,
    173.18363636363637
  ],
  "EigenValues": [
    10.995293322738235,
    2573.0671618862857
  ],
  "EigenVector": [
    0.3150683063117877,
    0.9490689976802643
  ],
  "EigenMinorVector": [
    0.9490689976802643,
    -0.3150683063117877
  ],
  "EigenRatio": 234.01532695496084,
  "lower_left": [
    120.31159399390246,
    110.07054801789879
  ],
  "upper_right": [
    162.21567873337023,
    236.29672470937396
  ],
  "left_edge": [
    139.0136883087909,
    173.93056553808242
  ],
  "right_edge": [
    143.5135844184818,
    172.43670718919032
  ]
}