{
  "p0": [
    129.99620565879647,
    122.69316568704632
  ],
  "p2": [
    171.18554798710943,
    254.49904429299144
  ],
  "orientation": "vertical",
  "p1": [
    140.82461180719577,
    192.0495004104264
  ],
  "start_radius": 2.3706896551724137,
  "end_radius": 2.3706896551724137
}