{
  "p0": [
    151.72925979301607,
    205.63464273764663
  ],
  "p2": [
    163.0320664910112,
    376.56449319303033
  ],
  "orientation": "vertical",
  "p1": [
    156.99676068909696,
    287.9372236977998
  ],
  "start_radius": 3.5906040268456376,
  "end_radius": 3.5906040268456376
}