{
  "x_min": 397.5,
  "y_min": 58.5,
  "x_max": 503.5,
  "y_max": 361.5,
  "x_span": 106.0,
  "y_span": 303.0,
  "Direction": "up_down",
  "Length": 303.0,
  "width": 28.55263157894737,
  "center": [
    455.47684331797234,
    202.76728110599078
  ],
  "EigenValues": [
    83.56263099020816,
    7962.243136188154
  ],
  "EigenVector": [
    -0.30361341889861787,
    0.9527953042835026
  ],
  "EigenMinorVector": [
    0.9527953042835026,
    0.30361341889861787
  ],
  "EigenRatio": 95.28473483704894,
  "lower_left": [
    501.47427628111296,
    58.41879250704014
  ],
  "upper_right": [
    409.4794103548317,
    347.1157697049414
  ],
  "left_edge": [
    441.8744366712934,
    198.43280005987236
  ],
  "right_edge": [
    469.0792499646513,
    207.1017621521092
  ]
}