{
  "p0": [
    490.6094967034547,
    58.07855471638956
  ],
  "p2": [
    397.1217364849202,
    411.7479319350799
  ],
  "orientation": "vertical",
  "p1": [
    443.86561659418743,
    234.91324332573475
  ],
  "start_radius": 8.408163265306122,
  "end_radius": 8.408163265306122
}