{
  "p0": [
    126.47885199549583,
    99.01545373471805
  ],
  "p2": [
    164.37342294298423,
    368.9137864350271
  ],
  "orientation": "vertical",
  "p1": [
    154.60711805846606,
    228.18606410427043
  ],
  "start_radius": 4.671428571428572,
  "end_radius": 4.671428571428572
}