{
  "p0": [
    503.45966498127154,
    37.72721918772048
  ],
  "p2": [
    470.4043985210322,
    224.80158350112777
  ],
  "orientation": "vertical",
  "p1": [
    484.6917047065069,
    130.44078758372817
  ],
  "start_radius": 7.926470588235294,
  "end_radius": 7.926470588235294
}