{
  "p0": [
    124.50200246784924,
    122.69316568704632
  ],
  "p2": [
    168.25841536914047,
    254.49904429299144
  ],
  "orientation": "vertical",
  "p1": [
    146.38020891849484,
    188.5961049900189
  ],
  "start_radius": 2.3706896551724137,
  "end_radius": 2.3706896551724137
}