{
  "p0": [
    479.1996057767451,
    58.07855471638956
  ],
  "p2": [
    407.6105912493265,
    411.7479319350799
  ],
  "orientation": "vertical",
  "p1": [
    447.5071756905878,
    231.706841899089
  ],
  "start_radius": 8.408163265306122,
  "end_radius": 8.408163265306122
}