{
  "x_min": 464.5,
  "y_min": 37.5,
  "x_max": 509.5,
  "y_max": 223.5,
  "x_span": 45.0,
  "y_span": 186.0,
  "Direction": "up_down",
  "Length": 186.0,
  "width": 15.852941176470589,
  "center": [
    485.0944341372913,
    135.71855287569574
  ],
  "EigenValues": [
    32.2360238544959,
    2058.995597848651
  ],
  "EigenVector": [
    -0.1442068052051479,
    0.9895475720411447
  ],
  "EigenMinorVector": [
    0.9895475720411447,
    0.1442068052051479
  ],
  "EigenRatio": 63.872505093753574,
  "lower_left": [
    498.50566702137,
    43.69062867586928
  ],
  "upper_right": [
    471.68320125321253,
    227.7464770755222
  ],
  "left_edge": [
    477.2508144118475,
    134.57550187561375
  ],
  "right_edge": [
    492.93805386273505,
    136.86160387577772
  ]
}