{
  "p0": [
    499.37471491225836,
    37.72721918772048
  ],
  "p2": [
    472.112360705503,
    224.80158350112777
  ],
  "orientation": "vertical",
  "p1": [
    485.74353780888066,
    131.26440134442413
  ],
  "start_radius": 7.926470588235294,
  "end_radius": 7.926470588235294
}