{
  "p0": [
    500.3622220646188,
    69.36008407167427
  ],
  "p2": [
    413.418101385516,
    327.7113444997543
  ],
  "orientation": "vertical",
  "p1": [
    456.8901617250674,
    198.53571428571428
  ],
  "start_radius": 11.54863813229572,
  "end_radius": 11.54863813229572
}