{
  "x_min": 146.5,
  "y_min": 211.5,
  "x_max": 165.5,
  "y_max": 378.5,
  "x_span": 19.0,
  "y_span": 167.0,
  "Direction": "up_down",
  "Length": 167.0,
  "width": 7.181208053691275,
  "center": [
    157.9018691588785,
    303.23551401869156
  ],
  "EigenValues": [
    6.211440739282807,
    2705.559697454331
  ],
  "EigenVector": [
    0.06408045428738413,
    0.9979447356333528
  ],
  "EigenMinorVector": [
    0.9979447356333528,
    -0.06408045428738413
  ],
  "EigenRatio": 435.5768349110457,
  "lower_left": [
    152.5511512258819,
    219.9071285933066
  ],
  "upper_right": [
    163.25258709187509,
    386.5638994440765
  ],
  "left_edge": [
    154.31864477254396,
    303.46560155589793
  ],
  "right_edge": [
    161.48509354521303,
    303.0054264814852
  ]
}