{
  "p0": [
    503.45966498127166,
    37.72721918772048
  ],
  "p2": [
    470.40439852103225,
    224.80158350112777
  ],
  "orientation": "vertical",
  "p1": [
    484.6917047065068,
    130.4407875837281
  ],
  "start_radius": 7.926470588235294,
  "end_radius": 7.926470588235294
}