{
  "p0": [
    488.4994336613101,
    69.36008407167427
  ],
  "p2": [
    401.6727961822485,
    327.7113444997543
  ],
  "orientation": "vertical",
  "p1": [
    475.67994101675583,
    197.56879897948028
  ],
  "start_radius": 10.861797996019583,
  "end_radius": 23.720362275352105
}