{
  "p0": [
    604.5836769128224,
    110.264859241562
  ],
  "p2": [
    606.6396108201056,
    476.15339838434573
  ],
  "orientation": "vertical",
  "p1": [
    588.8946112994543,
    290.7571388629494
  ],
  "start_radius": 7.280864284978744,
  "end_radius": 3.9209384717327262
}