{
  "p0": [
    129.99620565879687,
    122.6931656870463
  ],
  "p2": [
    171.1855479871097,
    254.49904429299147
  ],
  "orientation": "vertical",
  "p1": [
    140.82461180719588,
    192.049500410426
  ],
  "start_radius": 2.3706896551724137,
  "end_radius": 2.3706896551724137
}