{
  "p0": [
    481.82567718058306,
    58.07855471638956
  ],
  "p2": [
    408.42816437896556,
    411.7479319350799
  ],
  "orientation": "vertical",
  "p1": [
    443.9269637386467,
    230.31983251112558
  ],
  "start_radius": 8.341925109051832,
  "end_radius": 10.71794637508389
}