{
  "p0": [
    129.99620565879678,
    122.6931656870463
  ],
  "p2": [
    171.18554798710943,
    254.49904429299147
  ],
  "orientation": "vertical",
  "p1": [
    140.8246118071962,
    192.0495004104264
  ],
  "start_radius": 2.3706896551724137,
  "end_radius": 2.3706896551724137
}