{
  "p0": [
    151.63468025831827,
    205.63464273764663
  ],
  "p2": [
    162.61050093991548,
    376.56449319303033
  ],
  "orientation": "vertical",
  "p1": [
    157.12259059911688,
    291.09956796533845
  ],
  "start_radius": 3.5906040268456376,
  "end_radius": 3.5906040268456376
}