{
  "p0": [
    504.45490993712446,
    49.06501044582808
  ],
  "p2": [
    401.600970036905,
    371.83977883216977
  ],
  "orientation": "vertical",
  "p1": [
    453.02793998701475,
    210.45239463899892
  ],
  "start_radius": 14.276315789473685,
  "end_radius": 14.276315789473685
}