{
  "x_min": 127.5,
  "y_min": 104.5,
  "x_max": 166.5,
  "y_max": 384.5,
  "x_span": 39.0,
  "y_span": 280.0,
  "Direction": "up_down",
  "Length": 280.0,
  "width": 9.342857142857143,
  "center": [
    149.42584097859327,
    246.78784403669724
  ],
  "EigenValues": [
    17.01438415337816,
    6840.177916645938
  ],
  "EigenVector": [
    0.13175733946492799,
    0.9912819999864436
  ],
  "EigenMinorVector": [
    0.9912819999864436,
    -0.13175733946492799
  ],
  "EigenRatio": 402.0232442728666,
  "lower_left": [
    130.97981345350337,
    108.00836403859512
  ],
  "upper_right": [
    167.87186850368317,
    385.56732403479936
  ],
  "left_edge": [
    144.79513792151374,
    247.40333903676913
  ],
  "right_edge": [
    154.0565440356728,
    246.17234903662535
  ]
}