{
  "p0": [
    490.6252144317908,
    69.36008407167427
  ],
  "p2": [
    404.48448297139703,
    327.7113444997543
  ],
  "orientation": "vertical",
  "p1": [
    471.69941561901726,
    198.801748497098
  ],
  "start_radius": 11.54863813229572,
  "end_radius": 11.54863813229572
}