{
  "p0": [
    151.72925979301533,
    205.63464273764663
  ],
  "p2": [
    163.0320664910105,
    376.56449319303033
  ],
  "orientation": "vertical",
  "p1": [
    156.9967606890974,
    287.9372236978013
  ],
  "start_radius": 3.5906040268456376,
  "end_radius": 3.5906040268456376
}