{
  "p0": [
    601.8597341152273,
    110.264859241562
  ],
  "p2": [
    606.0507340536668,
    476.15339838434573
  ],
  "orientation": "vertical",
  "p1": [
    591.2194787738998,
    291.3943969121819
  ],
  "start_radius": 6.991689750692521,
  "end_radius": 6.991689750692521
}