{
  "p0": [
    495.96241256377414,
    49.06501044582808
  ],
  "p2": [
    398.16192876350533,
    371.83977883216977
  ],
  "orientation": "vertical",
  "p1": [
    458.31129319481636,
    211.19734034095006
  ],
  "start_radius": 14.286953015509596,
  "end_radius": 14.41073852892712
}