{
  "x_min": 406.5,
  "y_min": 70.5,
  "x_max": 550.5,
  "y_max": 326.5,
  "x_span": 144.0,
  "y_span": 256.0,
  "Direction": "up_down",
  "Length": 256.0,
  "width": 23.09727626459144,
  "center": [
    456.8901617250674,
    198.53571428571428
  ],
  "EigenValues": [
    95.42130617639032,
    5206.520195763988
  ],
  "EigenVector": [
    -0.3189570542850728,
    0.9477691689023172
  ],
  "EigenMinorVector": [
    0.9477691689023172,
    0.3189570542850728
  ],
  "EigenRatio": 54.5634974451043,
  "lower_left": [
    497.7166646735567,
    77.22126066621767
  ],
  "upper_right": [
    416.0636587765781,
    319.85016790521087
  ],
  "left_edge": [
    445.9447185604679,
    194.85219468603296
  ],
  "right_edge": [
    467.8356048896669,
    202.2192338853956
  ]
}