{
  "x_min": 590.5,
  "y_min": 111.5,
  "x_max": 610.5,
  "y_max": 471.5,
  "x_span": 20.0,
  "y_span": 360.0,
  "Direction": "up_down",
  "Length": 360.0,
  "width": 13.983379501385041,
  "center": [
    600.0,
    301.92076069730587
  ],
  "EigenValues": [
    21.185190324589712,
    9794.52638175366
  ],
  "EigenVector": [
    0.009192711195868154,
    0.9999577461377402
  ],
  "EigenMinorVector": [
    0.9999577461377402,
    -0.009192711195868154
  ],
  "EigenRatio": 462.3289303370159,
  "lower_left": [
    598.3453119847437,
    121.92836639251263
  ],
  "upper_right": [
    601.6546880152563,
    481.9131550020991
  ],
  "left_edge": [
    593.0086056752032,
    301.9850332819551
  ],
  "right_edge": [
    606.9913943247968,
    301.8564881126566
  ]
}