{
  "p0": [
    498.76847281614045,
    37.72721918772048
  ],
  "p2": [
    482.4627543814936,
    224.80158350112777
  ],
  "orientation": "vertical",
  "p1": [
    486.2887997418368,
    130.17734925620167
  ],
  "start_radius": 7.829925561761085,
  "end_radius": 8.009756318432988
}