{
  "x_min": 400.5,
  "y_min": 71.5,
  "x_max": 471.5,
  "y_max": 413.5,
  "x_span": 71.0,
  "y_span": 342.0,
  "Direction": "up_down",
  "Length": 342.0,
  "width": 16.816326530612244,
  "center": [
    439.4238904299584,
    251.71653952843272
  ],
  "EigenValues": [
    66.24870510548408,
    5516.6287233716685
  ],
  "EigenVector": [
    -0.25555890208930343,
    0.9667934875468028
  ],
  "EigenMinorVector": [
    0.9667934875468028,
    0.25555890208930343
  ],
  "EigenRatio": 83.2714951120607,
  "lower_left": [
    483.1244626872293,
    86.39485315792945
  ],
  "upper_right": [
    395.7233181726875,
    417.038225898936
  ],
  "left_edge": [
    431.2949329428302,
    249.56775855576348
  ],
  "right_edge": [
    447.55284791708664,
    253.86532050110196
  ]
}