{
  "p0": [
    479.19960577674465,
    58.07855471638956
  ],
  "p2": [
    407.61059124932626,
    411.7479319350799
  ],
  "orientation": "vertical",
  "p1": [
    447.5071756905877,
    231.70684189908877
  ],
  "start_radius": 8.408163265306122,
  "end_radius": 8.408163265306122
}