{
  "p0": [
    10.19004704236408,
    24.946536395702473
  ],
  "p2": [
    113.64321314684496,
    135.97196479883286
  ],
  "orientation": "vertical",
  "p1": [
    53.04051551959958,
    85.15906970109972
  ],
  "start_radius": 6.285451620317166,
  "end_radius": 6.922891289358765
}