{
  "p0": [
    155.69887391539731,
    219.37756936655612
  ],
  "p2": [
    248.86008872310822,
    195.99552570528422
  ],
  "orientation": "horizontal",
  "p1": [
    198.33122630299664,
    218.01147703422993
  ],
  "start_radius": 7.71578947368421,
  "end_radius": 7.71578947368421
}