{
  "x_min": 156.5,
  "y_min": 193.5,
  "x_max": 250.5,
  "y_max": 232.5,
  "x_span": 94.0,
  "y_span": 39.0,
  "Direction": "left_right",
  "Length": 94.0,
  "width": 15.43157894736842,
  "center": [
    195.66507503410642,
    213.23533424283767
  ],
  "EigenValues": [
    26.20372816464375,
    724.2504435268016
  ],
  "EigenVector": [
    0.9663008007424827,
    -0.25741554437220143
  ],
  "EigenMinorVector": [
    -0.25741554437220143,
    -0.9663008007424827
  ],
  "EigenRatio": 27.63921373997539,
  "lower_left": [
    150.24893739920975,
    225.33386482833114
  ],
  "upper_right": [
    241.0812126690031,
    201.1368036573442
  ],
  "left_edge": [
    197.65123918173614,
    220.69110778961914
  ],
  "right_edge": [
    193.6789108864767,
    205.7795606960562
  ]
}