{
  "x_min": 7.5,
  "y_min": 20.5,
  "x_max": 113.5,
  "y_max": 133.5,
  "x_span": 106.0,
  "y_span": 113.0,
  "Direction": "up_down",
  "Length": 113.0,
  "width": 13.578947368421053,
  "center": [
    60.507751937984494,
    83.10271317829458
  ],
  "EigenValues": [
    14.561765905808556,
    1838.2776494667821
  ],
  "EigenVector": [
    0.6874038994299607,
    0.7262753465790261
  ],
  "EigenMinorVector": [
    0.7262753465790261,
    -0.6874038994299607
  ],
  "EigenRatio": 126.24002207956865,
  "lower_left": [
    21.669431620191716,
    42.0681560965796
  ],
  "upper_right": [
    99.34607225577727,
    124.13727026000956
  ],
  "left_edge": [
    55.57672458489532,
    87.769823863898
  ],
  "right_edge": [
    65.43877929107367,
    78.43560249269116
  ]
}