{
  "x_min": 156.5,
  "y_min": 193.5,
  "x_max": 250.5,
  "y_max": 232.5,
  "x_span": 94.0,
  "y_span": 39.0,
  "Direction": "left_right",
  "Length": 94.0,
  "width": 15.43157894736842,
  "center": [
    195.66507503410642,
    213.23533424283767
  ],
  "EigenValues": [
    26.203728164643792,
    724.2504435268022
  ],
  "EigenVector": [
    0.9663008007424827,
    -0.25741554437220127
  ],
  "EigenMinorVector": [
    -0.25741554437220127,
    -0.9663008007424827
  ],
  "EigenRatio": 27.639213739975368,
  "lower_left": [
    150.24893739920975,
    225.33386482833112
  ],
  "upper_right": [
    241.0812126690031,
    201.13680365734422
  ],
  "left_edge": [
    197.65123918173614,
    220.69110778961914
  ],
  "right_edge": [
    193.6789108864767,
    205.7795606960562
  ]
}