{
  "p0": [
    5.4641890735770815,
    24.946536395702473
  ],
  "p2": [
    110.54735454199124,
    135.97196479883286
  ],
  "orientation": "vertical",
  "p1": [
    58.00577180778416,
    80.45925059726767
  ],
  "start_radius": 6.7894736842105265,
  "end_radius": 6.7894736842105265
}