{
  "p0": [
    499.4379283497063,
    405.6200188815
  ],
  "p2": [
    625.0535910461142,
    327.1260656203981
  ],
  "orientation": "horizontal",
  "p1": [
    552.1406663243513,
    347.5768279916816
  ],
  "start_radius": 7.11328125,
  "end_radius": 7.11328125
}