{
  "x_min": 498.5,
  "y_min": 324.5,
  "x_max": 625.5,
  "y_max": 408.5,
  "x_span": 127.0,
  "y_span": 84.0,
  "Direction": "left_right",
  "Length": 127.0,
  "width": 14.2265625,
  "center": [
    556.2775947281714,
    362.2001647446458
  ],
  "EigenValues": [
    22.12364248298246,
    1572.562739833218
  ],
  "EigenVector": [
    0.8406394218198542,
    -0.5415952016796135
  ],
  "EigenMinorVector": [
    -0.5415952016796135,
    -0.8406394218198542
  ],
  "EigenRatio": 71.08064330016342,
  "lower_left": [
    502.89699144261067,
    396.5914600513013
  ],
  "upper_right": [
    609.6581980137321,
    327.8088694379903
  ],
  "left_edge": [
    560.130113721369,
    368.17986938188784
  ],
  "right_edge": [
    552.4250757349738,
    356.22046010740377
  ]
}