{
  "p0": [
    155.69887391539731,
    223.88204115807193
  ],
  "p2": [
    248.86008872310822,
    199.06456733866088
  ],
  "orientation": "horizontal",
  "p1": [
    202.27948131925277,
    211.4733042483664
  ],
  "start_radius": 7.71578947368421,
  "end_radius": 7.71578947368421
}