{
  "p0": [
    155.69887391539731,
    219.0861693768506
  ],
  "p2": [
    248.86008872310822,
    195.4960115747515
  ],
  "orientation": "horizontal",
  "p1": [
    198.3761010072808,
    219.43589759420422
  ],
  "start_radius": 7.715789473684232,
  "end_radius": 7.715789473684177
}