{
  "p0": [
    5.464189073577039,
    24.946536395702502
  ],
  "p2": [
    110.54735454199127,
    135.97196479883283
  ],
  "orientation": "vertical",
  "p1": [
    58.00577180778416,
    80.45925059726767
  ],
  "start_radius": 6.7894736842105265,
  "end_radius": 6.7894736842105265
}