{
  "p0": [
    499.4379283497063,
    398.82001598717255
  ],
  "p2": [
    625.0535910461142,
    317.89014474118846
  ],
  "orientation": "horizontal",
  "p1": [
    562.2457596979102,
    358.3550803641805
  ],
  "start_radius": 7.11328125,
  "end_radius": 7.11328125
}