{
  "p0": [
    155.69887391539731,
    219.37756936655634
  ],
  "p2": [
    248.86008872310822,
    195.99552570528425
  ],
  "orientation": "horizontal",
  "p1": [
    198.3312263029968,
    218.0114770342298
  ],
  "start_radius": 7.71578947368421,
  "end_radius": 7.71578947368421
}