{
  "p0": [
    9.88665816526573,
    24.946536395702473
  ],
  "p2": [
    114.43764754262065,
    135.97196479883286
  ],
  "orientation": "vertical",
  "p1": [
    51.05333742265455,
    84.9111785781606
  ],
  "start_radius": 6.7894736842105265,
  "end_radius": 6.7894736842105265
}