{
  "p0": [
    9.886658165265713,
    24.946536395702502
  ],
  "p2": [
    114.43764754262061,
    135.97196479883283
  ],
  "orientation": "vertical",
  "p1": [
    51.05333742265459,
    84.91117857816057
  ],
  "start_radius": 6.7894736842105265,
  "end_radius": 6.7894736842105265
}