{
  "p0": [
    499.4379283497063,
    405.92152313647716
  ],
  "p2": [
    625.0535910461142,
    326.873180336697
  ],
  "orientation": "horizontal",
  "p1": [
    551.1937098610445,
    348.3772778831963
  ],
  "start_radius": 8.066737461825472,
  "end_radius": 6.951666684152789
}