{
  "x_min": 498.5,
  "y_min": 324.5,
  "x_max": 625.5,
  "y_max": 408.5,
  "x_span": 127.0,
  "y_span": 84.0,
  "Direction": "left_right",
  "Length": 127.0,
  "width": 14.2265625,
  "center": [
    556.2775947281714,
    362.2001647446458
  ],
  "EigenValues": [
    22.123642482982746,
    1572.5627398332183
  ],
  "EigenVector": [
    0.8406394218198541,
    -0.5415952016796138
  ],
  "EigenMinorVector": [
    -0.5415952016796138,
    -0.8406394218198541
  ],
  "EigenRatio": 71.08064330016252,
  "lower_left": [
    502.89699144261067,
    396.5914600513013
  ],
  "upper_right": [
    609.6581980137321,
    327.8088694379903
  ],
  "left_edge": [
    560.130113721369,
    368.1798693818878
  ],
  "right_edge": [
    552.4250757349738,
    356.2204601074038
  ]
}