{
  "p0": [
    534.7055346773961,
    46.984651763740715
  ],
  "p2": [
    442.9473668046913,
    416.70758709255495
  ],
  "orientation": "vertical",
  "p1": [
    490.8443572096188,
    227.820984777987
  ],
  "start_radius": 5.194366197183099,
  "end_radius": 5.194366197183099
}