{
  "p0": [
    531.3949721731401,
    46.984651763740715
  ],
  "p2": [
    444.82765579631393,
    416.70758709255495
  ],
  "orientation": "vertical",
  "p1": [
    488.111313984727,
    231.84611942814783
  ],
  "start_radius": 5.194366197183099,
  "end_radius": 5.194366197183099
}