{
  "p0": [
    142.93232242696737,
    9.49001043552255
  ],
  "p2": [
    148.6583181705231,
    467.88181816984627
  ],
  "orientation": "vertical",
  "p1": [
    138.2812279939031,
    231.8176395673047
  ],
  "start_radius": 22.288716814159294,
  "end_radius": 22.288716814159294
}