{
  "p0": [
    474.8306955005586,
    244.4402341184578
  ],
  "p2": [
    420.60402164118017,
    379.2908737357344
  ],
  "orientation": "vertical",
  "p1": [
    447.71735857086935,
    311.86555392709613
  ],
  "start_radius": 5.278625954198473,
  "end_radius": 5.278625954198473
}