{
  "p0": [
    468.3807145225429,
    249.68890671577356
  ],
  "p2": [
    417.32038834550804,
    379.63005290092735
  ],
  "orientation": "vertical",
  "p1": [
    455.0765624123652,
    314.0380594190031
  ],
  "start_radius": 5.534090909090909,
  "end_radius": 5.534090909090909
}