{
  "p0": [
    540.8486309384773,
    -2.922586690730526
  ],
  "p2": [
    502.51239966787546,
    432.07487348337827
  ],
  "orientation": "vertical",
  "p1": [
    516.9275040501511,
    213.11794592996387
  ],
  "start_radius": 6.396782841823057,
  "end_radius": 6.396782841823057
}