{
  "p0": [
    471.0096458491977,
    244.4402341184578
  ],
  "p2": [
    417.99036233706977,
    379.2908737357344
  ],
  "orientation": "vertical",
  "p1": [
    453.57527350969053,
    309.80539341790995
  ],
  "start_radius": 5.278625954198473,
  "end_radius": 5.278625954198473
}