{
  "p0": [
    561.6634839226682,
    -2.922586690730526
  ],
  "p2": [
    469.5665544521163,
    432.07487348337827
  ],
  "orientation": "vertical",
  "p1": [
    475.74130181192197,
    197.72301782313235
  ],
  "start_radius": 18.982384608039087,
  "end_radius": 19.263082284456768
}