{
  "x_min": 499.5,
  "y_min": 7.5,
  "x_max": 549.5,
  "y_max": 415.5,
  "x_span": 50.0,
  "y_span": 408.0,
  "Direction": "up_down",
  "Length": 408.0,
  "width": 12.793565683646113,
  "center": [
    521.1693210393964,
    193.9088432523051
  ],
  "EigenValues": [
    31.437642154049172,
    15781.588041227818
  ],
  "EigenVector": [
    -0.08048094546744133,
    0.9967561474185482
  ],
  "EigenMinorVector": [
    0.9967561474185482,
    0.08048094546744133
  ],
  "EigenRatio": 501.996554445644,
  "lower_left": [
    537.5874339147545,
    -9.429410821078733
  ],
  "upper_right": [
    504.7512081640384,
    397.24709732568897
  ],
  "left_edge": [
    514.7932884181079,
    193.39402412124528
  ],
  "right_edge": [
    527.545353660685,
    194.42366238336493
  ]
}