{
  "p0": [
    144.71759583145564,
    9.49001043552255
  ],
  "p2": [
    150.4717703732367,
    467.88181816984627
  ],
  "orientation": "vertical",
  "p1": [
    134.9181955337545,
    220.389622435813
  ],
  "start_radius": 23.38142973218956,
  "end_radius": 22.062240428301692
}