{
  "x_min": 412.5,
  "y_min": 247.5,
  "x_max": 476.5,
  "y_max": 377.5,
  "x_span": 64.0,
  "y_span": 130.0,
  "Direction": "up_down",
  "Length": 130.0,
  "width": 10.557251908396946,
  "center": [
    446.42624728850325,
    315.0762834417932
  ],
  "EigenValues": [
    11.703819129121712,
    1552.2717085990384
  ],
  "EigenVector": [
    -0.37308885232796407,
    0.927795617724401
  ],
  "EigenMinorVector": [
    0.927795617724401,
    0.37308885232796407
  ],
  "EigenRatio": 132.62950251312756,
  "lower_left": [
    470.6770226898209,
    254.7695682897071
  ],
  "upper_right": [
    422.1754718871856,
    375.3829985938792
  ],
  "left_edge": [
    441.52876126059164,
    313.10688694267265
  ],
  "right_edge": [
    451.32373331641486,
    317.0456799409137
  ]
}