{
  "p0": [
    540.8486309384766,
    -2.922586690730526
  ],
  "p2": [
    502.51239966787614,
    432.07487348337827
  ],
  "orientation": "vertical",
  "p1": [
    516.9275040501525,
    213.1179459299637
  ],
  "start_radius": 6.396782841823057,
  "end_radius": 6.396782841823057
}