{
  "p0": [
    142.932322426967,
    9.49001043552255
  ],
  "p2": [
    148.65831817052336,
    467.88181816984627
  ],
  "orientation": "vertical",
  "p1": [
    138.28122799390212,
    231.81763956730452
  ],
  "start_radius": 22.288716814159294,
  "end_radius": 22.288716814159294
}