{
  "x_min": 432.5,
  "y_min": 53.5,
  "x_max": 530.5,
  "y_max": 408.5,
  "x_span": 98.0,
  "y_span": 355.0,
  "Direction": "up_down",
  "Length": 355.0,
  "width": 10.388732394366198,
  "center": [
    492.2242407809111,
    214.28009761388287
  ],
  "EigenValues": [
    284.5224971212974,
    9459.633513738223
  ],
  "EigenVector": [
    -0.22797538931573186,
    0.9736668947162271
  ],
  "EigenMinorVector": [
    0.9736668947162271,
    0.22797538931573186
  ],
  "EigenRatio": 33.24740085387835,
  "lower_left": [
    532.6898723844535,
    41.45422380175256
  ],
  "upper_right": [
    451.75860917736867,
    387.1059714260132
  ],
  "left_edge": [
    487.16665837568087,
    213.09590995783157
  ],
  "right_edge": [
    497.2818231861413,
    215.46428526993418
  ]
}