{
  "p0": [
    468.72200835955937,
    249.68890671577356
  ],
  "p2": [
    417.20569883611915,
    379.63005290092735
  ],
  "orientation": "vertical",
  "p1": [
    455.3706208680635,
    313.0180529292502
  ],
  "start_radius": 5.534090909090963,
  "end_radius": 5.53409090909095
}