{
  "x_min": 414.5,
  "y_min": 249.5,
  "x_max": 472.5,
  "y_max": 380.5,
  "x_span": 58.0,
  "y_span": 131.0,
  "Direction": "up_down",
  "Length": 131.0,
  "width": 11.068181818181818,
  "center": [
    447.25975359342914,
    314.65947980835045
  ],
  "EigenValues": [
    13.324170484574097,
    1445.7364560331985
  ],
  "EigenVector": [
    -0.3636067408146345,
    0.9315525417463897
  ],
  "EigenMinorVector": [
    0.9315525417463897,
    0.3636067408146345
  ],
  "EigenRatio": 108.5048001830195,
  "lower_left": [
    471.0759951167877,
    253.64278832396192
  ],
  "upper_right": [
    423.4435120700706,
    375.67617129273896
  ],
  "left_edge": [
    442.1044571408099,
    312.647247049524
  ],
  "right_edge": [
    452.41505004604835,
    316.6717125671769
  ]
}