{
  "p0": [
    534.705534677396,
    46.984651763740715
  ],
  "p2": [
    442.94736680469225,
    416.70758709255495
  ],
  "orientation": "vertical",
  "p1": [
    490.84435720961824,
    227.82098477798706
  ],
  "start_radius": 5.194366197183099,
  "end_radius": 5.194366197183099
}