{
  "x_min": 97.5,
  "y_min": 17.5,
  "x_max": 169.5,
  "y_max": 468.5,
  "x_span": 72.0,
  "y_span": 451.0,
  "Direction": "up_down",
  "Length": 451.0,
  "width": 44.57743362831859,
  "center": [
    142.22013499429252,
    249.60000496302547
  ],
  "EigenValues": [
    212.0360052098531,
    16074.316403527102
  ],
  "EigenVector": [
    -0.004476172488895834,
    0.9999899818897435
  ],
  "EigenMinorVector": [
    0.9999899818897435,
    0.004476172488895834
  ],
  "EigenRatio": 75.80937203385939,
  "lower_left": [
    143.22951189053853,
    24.10226404688831
  ],
  "upper_right": [
    141.2107580980465,
    475.09774587916263
  ],
  "left_edge": [
    119.93164147095575,
    249.50023682200913
  ],
  "right_edge": [
    164.5086285176293,
    249.6997731040418
  ]
}