{
  "p0": [
    471.0096458491982,
    244.4402341184578
  ],
  "p2": [
    417.9903623370704,
    379.2908737357344
  ],
  "orientation": "vertical",
  "p1": [
    453.57527350968974,
    309.8053934179101
  ],
  "start_radius": 5.278625954198473,
  "end_radius": 5.278625954198473
}