{
  "p0": [
    471.0096458491986,
    244.4402341184578
  ],
  "p2": [
    417.99036233707005,
    379.2908737357344
  ],
  "orientation": "vertical",
  "p1": [
    453.5752735096896,
    309.8053934179099
  ],
  "start_radius": 5.278625954198473,
  "end_radius": 5.278625954198473
}