{
  "p0": [
    537.062054302743,
    -2.922586690730526
  ],
  "p2": [
    501.93911379074706,
    432.07487348337827
  ],
  "orientation": "vertical",
  "p1": [
    519.5005840467451,
    214.57614339632386
  ],
  "start_radius": 6.396782841823057,
  "end_radius": 6.396782841823057
}