{
  "p0": [
    472.6192875675013,
    249.68890671577356
  ],
  "p2": [
    421.90021961935696,
    379.63005290092735
  ],
  "orientation": "vertical",
  "p1": [
    447.25975359342914,
    314.65947980835045
  ],
  "start_radius": 5.534090909090909,
  "end_radius": 5.534090909090909
}