{
  "p0": [
    143.29491951341527,
    9.49001043552255
  ],
  "p2": [
    141.24305815872637,
    467.88181816984627
  ],
  "orientation": "vertical",
  "p1": [
    142.26898883607083,
    238.6859143026844
  ],
  "start_radius": 22.288716814159294,
  "end_radius": 22.288716814159294
}