{
  "p0": [
    128.8591163351393,
    7.371379222870573
  ],
  "p2": [
    323.97273221234224,
    127.54340593176543
  ],
  "orientation": "horizontal",
  "p1": [
    226.41592427374076,
    67.457392577318
  ],
  "start_radius": 5.325301204819277,
  "end_radius": 5.325301204819277
}