{
  "p0": [
    5.537933670010304,
    203.97350047834794
  ],
  "p2": [
    90.03814281247904,
    177.39828656876813
  ],
  "orientation": "horizontal",
  "p1": [
    46.6597038392715,
    201.94953710368014
  ],
  "start_radius": 3.636904761904762,
  "end_radius": 3.636904761904762
}