{
  "p0": [
    128.8591163351393,
    -3.2089402580699815
  ],
  "p2": [
    323.97273221234224,
    124.40356133201036
  ],
  "orientation": "horizontal",
  "p1": [
    215.91332397893052,
    78.25978520617765
  ],
  "start_radius": 5.325301204819277,
  "end_radius": 5.325301204819277
}