{
  "x_min": 463.5,
  "y_min": 28.5,
  "x_max": 598.5,
  "y_max": 89.5,
  "x_span": 135.0,
  "y_span": 61.0,
  "Direction": "left_right",
  "Length": 135.0,
  "width": 12.088235294117647,
  "center": [
    527.1161800486618,
    68.59184914841849
  ],
  "EigenValues": [
    36.314635682200105,
    1693.5404710672178
  ],
  "EigenVector": [
    0.931913555474804,
    -0.36268047248550533
  ],
  "EigenMinorVector": [
    -0.36268047248550533,
    -0.931913555474804
  ],
  "EigenRatio": 46.63520476669189,
  "lower_left": [
    464.21201505411256,
    93.0727810411901
  ],
  "upper_right": [
    590.0203450432111,
    44.11091725564688
  ],
  "left_edge": [
    529.3082634926551,
    74.22444431459708
  ],
  "right_edge": [
    524.9240966046685,
    62.95925398223989
  ]
}