{
  "p0": [
    128.8591163351393,
    -3.2089402580700552
  ],
  "p2": [
    323.97273221234224,
    124.40356133201021
  ],
  "orientation": "horizontal",
  "p1": [
    215.91332397892972,
    78.25978520617744
  ],
  "start_radius": 5.325301204819277,
  "end_radius": 5.325301204819277
}