{
  "x_min": 5.5,
  "y_min": 177.5,
  "x_max": 88.5,
  "y_max": 208.5,
  "x_span": 83.0,
  "y_span": 31.0,
  "Direction": "left_right",
  "Length": 83.0,
  "width": 7.273809523809524,
  "center": [
    43.773322422258595,
    196.8126022913257
  ],
  "EigenValues": [
    8.65013918413203,
    607.6230544516703
  ],
  "EigenVector": [
    0.9517920131496637,
    -0.30674413393659267
  ],
  "EigenMinorVector": [
    -0.30674413393659267,
    -0.9517920131496637
  ],
  "EigenRatio": 70.24430954432559,
  "lower_left": [
    4.2739538765475515,
    209.5424838496943
  ],
  "upper_right": [
    83.27269096796964,
    184.0827207329571
  ],
  "left_edge": [
    44.88892162365894,
    200.27417919629264
  ],
  "right_edge": [
    42.65772322085825,
    193.35102538635877
  ]
}