{
  "p0": [
    174.55819704895586,
    300.1661041290517
  ],
  "p2": [
    249.52593826863728,
    269.4900267517037
  ],
  "orientation": "horizontal",
  "p1": [
    210.034775894034,
    292.1526550992192
  ],
  "start_radius": 4.506756756756757,
  "end_radius": 4.506756756756757
}