{
  "x_min": 208.5,
  "y_min": 364.5,
  "x_max": 303.5,
  "y_max": 420.5,
  "x_span": 95.0,
  "y_span": 56.0,
  "Direction": "left_right",
  "Length": 95.0,
  "width": 9.322916666666666,
  "center": [
    253.3413407821229,
    395.68435754189943
  ],
  "EigenValues": [
    6.708760157809934,
    944.2845859234517
  ],
  "EigenVector": [
    0.8615318711093695,
    -0.5077034912848135
  ],
  "EigenMinorVector": [
    -0.5077034912848135,
    -0.8615318711093695
  ],
  "EigenRatio": 140.75396402779023,
  "lower_left": [
    212.41857690442785,
    419.8002733779281
  ],
  "upper_right": [
    294.2641046598179,
    371.5684417058708
  ],
  "left_edge": [
    255.70797945243493,
    399.70035246191446
  ],
  "right_edge": [
    250.97470211181087,
    391.6683626218844
  ]
}