{
  "p0": [
    5.537933670010304,
    203.97350047834846
  ],
  "p2": [
    90.03814281247904,
    177.3982865687684
  ],
  "orientation": "horizontal",
  "p1": [
    46.65970383927146,
    201.9495371036798
  ],
  "start_radius": 3.636904761904762,
  "end_radius": 3.636904761904762
}