{
  "x_min": 175.5,
  "y_min": 266.5,
  "x_max": 248.5,
  "y_max": 304.5,
  "x_span": 73.0,
  "y_span": 38.0,
  "Direction": "left_right",
  "Length": 73.0,
  "width": 9.013513513513514,
  "center": [
    210.25712143928035,
    288.5749625187406
  ],
  "EigenValues": [
    7.857889545636425,
    562.377704369118
  ],
  "EigenVector": [
    0.9185318585862025,
    -0.3953469675641594
  ],
  "EigenMinorVector": [
    -0.3953469675641594,
    -0.9185318585862025
  ],
  "EigenRatio": 71.568542813307,
  "lower_left": [
    176.73070860088396,
    303.0051268348324
  ],
  "upper_right": [
    243.78353427767675,
    274.1447982026488
  ],
  "left_edge": [
    212.03885405661342,
    292.7145621787203
  ],
  "right_edge": [
    208.4753888219473,
    284.4353628587609
  ]
}