{
  "p0": [
    209.7667818051532,
    419.57283279457056
  ],
  "p2": [
    306.06655714425625,
    363.3241127154647
  ],
  "orientation": "horizontal",
  "p1": [
    256.6469624110558,
    395.5484520918383
  ],
  "start_radius": 4.661458333333333,
  "end_radius": 4.661458333333333
}