{
  "p0": [
    460.1358251624657,
    81.90599954882003
  ],
  "p2": [
    600.7945704234776,
    26.33186788697499
  ],
  "orientation": "horizontal",
  "p1": [
    533.4060904540828,
    88.63743916896587
  ],
  "start_radius": 6.044117647058823,
  "end_radius": 6.044117647058823
}