{
  "p0": [
    174.55819704895586,
    303.9402014825152
  ],
  "p2": [
    249.52593826863728,
    271.6731996585886
  ],
  "orientation": "horizontal",
  "p1": [
    212.04206765879655,
    287.8067005705519
  ],
  "start_radius": 4.506756756756757,
  "end_radius": 4.506756756756757
}