{
  "x_min": 127.5,
  "y_min": 2.5,
  "x_max": 375.5,
  "y_max": 128.5,
  "x_span": 248.0,
  "y_span": 126.0,
  "Direction": "left_right",
  "Length": 248.0,
  "width": 10.650602409638553,
  "center": [
    221.77036199095022,
    64.59615384615384
  ],
  "EigenValues": [
    44.035526514481035,
    5246.0526029542925
  ],
  "EigenVector": [
    0.8514593626815515,
    0.5244205885564814
  ],
  "EigenMinorVector": [
    0.5244205885564814,
    -0.8514593626815515
  ],
  "EigenRatio": 119.13227837139937,
  "lower_left": [
    116.18940101843783,
    -0.4319991348498604
  ],
  "upper_right": [
    327.3513229634626,
    129.62430682715754
  ],
  "left_edge": [
    218.97766439887835,
    69.13043141609656
  ],
  "right_edge": [
    224.5630595830221,
    60.06187627621112
  ]
}