{
  "p0": [
    460.1358251624657,
    94.65914542784171
  ],
  "p2": [
    600.7945704234775,
    39.91782324105294
  ],
  "orientation": "horizontal",
  "p1": [
    530.4651977929716,
    67.28848433444733
  ],
  "start_radius": 6.044117647058823,
  "end_radius": 6.044117647058823
}