{
  "p0": [
    174.55819704895586,
    300.166104129051
  ],
  "p2": [
    249.52593826863728,
    269.4900267517027
  ],
  "orientation": "horizontal",
  "p1": [
    210.03477589403332,
    292.1526550992179
  ],
  "start_radius": 4.506756756756757,
  "end_radius": 4.506756756756757
}