{
  "p0": [
    460.1358251624657,
    81.90599954882008
  ],
  "p2": [
    600.7945704234775,
    26.33186788697501
  ],
  "orientation": "horizontal",
  "p1": [
    533.406090454083,
    88.63743916896584
  ],
  "start_radius": 6.044117647058823,
  "end_radius": 6.044117647058823
}