{
  "p0": [
    5.537933670010304,
    209.1351276398265
  ],
  "p2": [
    90.03814281247904,
    181.90234661963973
  ],
  "orientation": "horizontal",
  "p1": [
    47.78803824124467,
    195.5187371297331
  ],
  "start_radius": 3.636904761904762,
  "end_radius": 3.636904761904762
}