{
  "p0": [
    209.7667818051532,
    419.5728327945703
  ],
  "p2": [
    306.06655714425625,
    363.3241127154641
  ],
  "orientation": "horizontal",
  "p1": [
    256.6469624110554,
    395.5484520918384
  ],
  "start_radius": 4.661458333333333,
  "end_radius": 4.661458333333333
}