{
  "p0": [
    128.85911633513933,
    7.371379222870587
  ],
  "p2": [
    323.9727322123422,
    127.54340593176542
  ],
  "orientation": "horizontal",
  "p1": [
    226.41592427374076,
    67.457392577318
  ],
  "start_radius": 5.325301204819277,
  "end_radius": 5.325301204819277
}