{
  "p0": [
    209.7667818051532,
    421.3629847241027
  ],
  "p2": [
    306.06655714425625,
    364.61321865143344
  ],
  "orientation": "horizontal",
  "p1": [
    257.9166694747047,
    392.9881016877681
  ],
  "start_radius": 4.661458333333333,
  "end_radius": 4.661458333333333
}