{
  "p0": [
    128.85911633513933,
    -3.2089402580701
  ],
  "p2": [
    323.9727322123422,
    124.40356133201016
  ],
  "orientation": "horizontal",
  "p1": [
    215.91332397892978,
    78.2597852061775
  ],
  "start_radius": 5.325301204819277,
  "end_radius": 5.325301204819277
}