{
  "p0": [
    460.1358251624657,
    194.75398101821835
  ],
  "p2": [
    600.7945704234776,
    32.30074329863463
  ],
  "orientation": "horizontal",
  "p1": [
    539.4224526449455,
    129.49269123577497
  ],
  "start_radius": 11.302814994299801,
  "end_radius": 11.181355136923194
}