{
  "p0": [
    34.080561050706905,
    -3.3503131597708773
  ],
  "p2": [
    188.28220961431134,
    394.9859478866684
  ],
  "orientation": "vertical",
  "p1": [
    123.78595994473835,
    189.6451220533143
  ],
  "start_radius": 13.494292237442922,
  "end_radius": 13.494292237442922
}