{
  "x_min": 39.5,
  "y_min": 7.5,
  "x_max": 191.5,
  "y_max": 444.5,
  "x_span": 152.0,
  "y_span": 437.0,
  "Direction": "up_down",
  "Length": 437.0,
  "width": 26.988584474885844,
  "center": [
    122.63645207681245,
    214.74329582945606
  ],
  "EigenValues": [
    82.8406646419462,
    15125.505290010726
  ],
  "EigenVector": [
    0.34826324046255064,
    0.937396775833224
  ],
  "EigenMinorVector": [
    0.937396775833224,
    -0.34826324046255064
  ],
  "EigenRatio": 182.58551347199062,
  "lower_left": [
    46.54093403574514,
    9.92210030989662
  ],
  "upper_right": [
    198.73197011787977,
    419.5644913490155
  ],
  "left_edge": [
    109.98694604128215,
    219.44286177181658
  ],
  "right_edge": [
    135.28595811234274,
    210.04372988709554
  ]
}