{
  "p0": [
    444.4138602390065,
    7.008148693911011
  ],
  "p2": [
    389.42050987959686,
    477.3985840054083
  ],
  "orientation": "vertical",
  "p1": [
    418.7152527577068,
    241.75789750297133
  ],
  "start_radius": 17.724839400428266,
  "end_radius": 17.724839400428266
}