{
  "p0": [
    34.133594956719826,
    -3.3503131597709057
  ],
  "p2": [
    179.60896450090243,
    394.98594788666844
  ],
  "orientation": "vertical",
  "p1": [
    152.28485695800188,
    183.37271047047085
  ],
  "start_radius": 15.382355206116609,
  "end_radius": 12.26264302350268
}