{
  "p0": [
    41.60994446668391,
    -3.3503131597708773
  ],
  "p2": [
    189.60050795295172,
    394.9859478866684
  ],
  "orientation": "vertical",
  "p1": [
    115.60522620981781,
    195.81781736344874
  ],
  "start_radius": 13.494292237442922,
  "end_radius": 13.494292237442922
}