{
  "x_min": 377.5,
  "y_min": 6.5,
  "x_max": 460.5,
  "y_max": 472.5,
  "x_span": 83.0,
  "y_span": 466.0,
  "Direction": "up_down",
  "Length": 466.0,
  "width": 35.44967880085653,
  "center": [
    419.4043189368771,
    231.00359408033827
  ],
  "EigenValues": [
    107.1917957515252,
    18181.22435607572
  ],
  "EigenVector": [
    -0.11698115031080193,
    0.9931341351861598
  ],
  "EigenMinorVector": [
    0.9931341351861598,
    0.11698115031080193
  ],
  "EigenRatio": 169.61395439461162,
  "lower_left": [
    446.66092695929393,
    -0.39665941803696114
  ],
  "upper_right": [
    392.1477109144602,
    462.4038475787135
  ],
  "left_edge": [
    401.8011758876192,
    228.93012197820195
  ],
  "right_edge": [
    437.00746198613496,
    233.0770661824746
  ]
}