{
  "p0": [
    444.946512315514,
    7.008148693910954
  ],
  "p2": [
    383.88872033016133,
    477.39858400540834
  ],
  "orientation": "vertical",
  "p1": [
    438.8134981984575,
    245.3212939375752
  ],
  "start_radius": 19.97924079608533,
  "end_radius": 16.089267331926926
}