{
  "p0": [
    34.08056105070685,
    -3.3503131597709057
  ],
  "p2": [
    188.2822096143115,
    394.98594788666844
  ],
  "orientation": "vertical",
  "p1": [
    123.78595994473804,
    189.64512205331403
  ],
  "start_radius": 13.494292237442922,
  "end_radius": 13.494292237442922
}