{
  "x_min": 39.5,
  "y_min": 7.5,
  "x_max": 191.5,
  "y_max": 444.5,
  "x_span": 152.0,
  "y_span": 437.0,
  "Direction": "up_down",
  "Length": 437.0,
  "width": 26.988584474885844,
  "center": [
    122.63645207681245,
    214.74329582945606
  ],
  "EigenValues": [
    82.84066464194257,
    15125.505290010724
  ],
  "EigenVector": [
    0.3482632404625508,
    0.9373967758332239
  ],
  "EigenMinorVector": [
    0.9373967758332239,
    -0.3482632404625508
  ],
  "EigenRatio": 182.5855134719986,
  "lower_left": [
    46.540934035745096,
    9.92210030989665
  ],
  "upper_right": [
    198.7319701178798,
    419.5644913490155
  ],
  "left_edge": [
    109.98694604128215,
    219.44286177181658
  ],
  "right_edge": [
    135.28595811234274,
    210.04372988709554
  ]
}