{
  "p0": [
    444.4138602390065,
    7.008148693910954
  ],
  "p2": [
    389.4205098795969,
    477.39858400540834
  ],
  "orientation": "vertical",
  "p1": [
    418.7152527577068,
    241.75789750297133
  ],
  "start_radius": 17.724839400428266,
  "end_radius": 17.724839400428266
}