{
  "p0": [
    445.78871550257657,
    7.008148693911011
  ],
  "p2": [
    390.3814827146076,
    477.3985840054083
  ],
  "orientation": "vertical",
  "p1": [
    418.0850991085921,
    242.20336634965963
  ],
  "start_radius": 17.724839400428266,
  "end_radius": 17.724839400428266
}