{
  "p0": [
    41.60994446668394,
    -3.3503131597709057
  ],
  "p2": [
    189.6005079529517,
    394.98594788666844
  ],
  "orientation": "vertical",
  "p1": [
    115.60522620981781,
    195.81781736344877
  ],
  "start_radius": 13.494292237442922,
  "end_radius": 13.494292237442922
}