{
  "x_min": 2.5,
  "y_min": 1.5,
  "x_max": 185.5,
  "y_max": 73.5,
  "x_span": 183.0,
  "y_span": 72.0,
  "Direction": "left_right",
  "Length": 183.0,
  "width": 13.326086956521738,
  "center": [
    86.7084013050571,
    43.2463295269168
  ],
  "EigenValues": [
    24.44982392721124,
    2866.3999206255667
  ],
  "EigenVector": [
    0.9388879897281258,
    -0.34422280973851654
  ],
  "EigenMinorVector": [
    -0.34422280973851654,
    -0.9388879897281258
  ],
  "EigenRatio": 117.23601483425936,
  "lower_left": [
    0.800150244933576,
    74.74271661799106
  ],
  "upper_right": [
    172.6166523651806,
    11.749942435842538
  ],
  "left_edge": [
    89.00197285255395,
    49.50218102369225
  ],
  "right_edge": [
    84.41482975756024,
    36.990478030141354
  ]
}