{
  "p0": [
    228.05832463815028,
    3.1225595701013344
  ],
  "p2": [
    299.9014454767923,
    48.440757189649695
  ],
  "orientation": "horizontal",
  "p1": [
    261.20713375948594,
    23.933531950666932
  ],
  "start_radius": 6.444444444444445,
  "end_radius": 6.444444444444445
}