{
  "p0": [
    367.9311110591257,
    222.06864501334985
  ],
  "p2": [
    559.0164963978359,
    188.51408105561143
  ],
  "orientation": "horizontal",
  "p1": [
    459.91779512128085,
    203.00020581037808
  ],
  "start_radius": 5.21875,
  "end_radius": 5.21875
}