{
  "p0": [
    3.5492142788575336,
    67.73750079432445
  ],
  "p2": [
    187.33101760675856,
    -0.2969930678041379
  ],
  "orientation": "horizontal",
  "p1": [
    94.39955759228985,
    52.18349086288131
  ],
  "start_radius": 6.663043478260869,
  "end_radius": 6.663043478260869
}