{
  "p0": [
    228.05832463815028,
    3.166795450231966
  ],
  "p2": [
    299.9014454767923,
    48.936652825630105
  ],
  "orientation": "horizontal",
  "p1": [
    263.9798850574713,
    26.051724137931036
  ],
  "start_radius": 6.444444444444445,
  "end_radius": 6.444444444444445
}