{
  "p0": [
    367.9311110591257,
    222.06864501335025
  ],
  "p2": [
    559.0164963978359,
    188.51408105561194
  ],
  "orientation": "horizontal",
  "p1": [
    459.91779512127937,
    203.00020581037745
  ],
  "start_radius": 5.21875,
  "end_radius": 5.21875
}