{
  "p0": [
    3.5492142788575194,
    73.7348322310767
  ],
  "p2": [
    187.3310176067586,
    6.355241254883325
  ],
  "orientation": "horizontal",
  "p1": [
    95.44011594280806,
    40.04503674298001
  ],
  "start_radius": 6.663043478260869,
  "end_radius": 6.663043478260869
}