{
  "p0": [
    228.05832463815028,
    3.0702896248309877
  ],
  "p2": [
    299.9014454767923,
    48.80577438976353
  ],
  "orientation": "horizontal",
  "p1": [
    261.39169243535144,
    24.098934804843033
  ],
  "start_radius": 6.483344371809537,
  "end_radius": 6.285491292969829
}