{
  "p0": [
    367.9311110591257,
    221.9506288991041
  ],
  "p2": [
    559.0164963978359,
    187.6903860552969
  ],
  "orientation": "horizontal",
  "p1": [
    463.4738037284808,
    204.8205074772005
  ],
  "start_radius": 5.21875,
  "end_radius": 5.21875
}