{
  "p0": [
    367.9311110591257,
    222.06864501334994
  ],
  "p2": [
    559.0164963978359,
    188.51408105561154
  ],
  "orientation": "horizontal",
  "p1": [
    459.9177951212806,
    203.0002058103779
  ],
  "start_radius": 5.21875,
  "end_radius": 5.21875
}