{
  "x_min": 2.5,
  "y_min": 1.5,
  "x_max": 185.5,
  "y_max": 73.5,
  "x_span": 183.0,
  "y_span": 72.0,
  "Direction": "left_right",
  "Length": 183.0,
  "width": 13.326086956521738,
  "center": [
    86.7084013050571,
    43.2463295269168
  ],
  "EigenValues": [
    24.449823927210957,
    2866.3999206255667
  ],
  "EigenVector": [
    0.9388879897281256,
    -0.3442228097385165
  ],
  "EigenMinorVector": [
    -0.3442228097385165,
    -0.9388879897281256
  ],
  "EigenRatio": 117.23601483426073,
  "lower_left": [
    0.8001502449336044,
    74.74271661799106
  ],
  "upper_right": [
    172.61665236518058,
    11.749942435842545
  ],
  "left_edge": [
    89.00197285255395,
    49.502181023692245
  ],
  "right_edge": [
    84.41482975756024,
    36.99047803014136
  ]
}