{
  "x_min": 367.5,
  "y_min": 187.5,
  "x_max": 558.5,
  "y_max": 225.5,
  "x_span": 191.0,
  "y_span": 38.0,
  "Direction": "left_right",
  "Length": 191.0,
  "width": 10.4375,
  "center": [
    458.92415169660677,
    205.63622754491018
  ],
  "EigenValues": [
    9.85211108921277,
    2839.697205405108
  ],
  "EigenVector": [
    0.984304450667226,
    -0.1764787477196345
  ],
  "EigenMinorVector": [
    -0.1764787477196345,
    -0.984304450667226
  ],
  "EigenRatio": 288.23235748065576,
  "lower_left": [
    364.92307665788667,
    222.48994795213528
  ],
  "upper_right": [
    552.9252267353269,
    188.7825071376851
  ],
  "left_edge": [
    459.84515016126863,
    210.77306639682976
  ],
  "right_edge": [
    458.0031532319449,
    200.4993886929906
  ]
}