{
  "p0": [
    3.5492142788575336,
    68.92895439098093
  ],
  "p2": [
    187.33101760675856,
    54.63170159917027
  ],
  "orientation": "horizontal",
  "p1": [
    94.69149720709905,
    33.36641114045297
  ],
  "start_radius": 4.01983159771641,
  "end_radius": 4.958653571870345
}