{
  "p0": [
    3.5492142788575336,
    73.7348322310767
  ],
  "p2": [
    187.33101760675856,
    6.355241254883332
  ],
  "orientation": "horizontal",
  "p1": [
    95.44011594280805,
    40.04503674298002
  ],
  "start_radius": 6.663043478260869,
  "end_radius": 6.663043478260869
}