{
  "p0": [
    3.5492142788575194,
    67.73750079432436
  ],
  "p2": [
    187.3310176067586,
    -0.29699306780411305
  ],
  "orientation": "horizontal",
  "p1": [
    94.39955759228994,
    52.183490862881364
  ],
  "start_radius": 6.663043478260869,
  "end_radius": 6.663043478260869
}