{
  "p0": [
    228.05832463815028,
    3.122559570101393
  ],
  "p2": [
    299.9014454767923,
    48.440757189649695
  ],
  "orientation": "horizontal",
  "p1": [
    261.2071337594862,
    23.933531950666953
  ],
  "start_radius": 6.444444444444445,
  "end_radius": 6.444444444444445
}