{
  "x_min": 221.5,
  "y_min": 1.5,
  "x_max": 301.5,
  "y_max": 52.5,
  "x_span": 80.0,
  "y_span": 51.0,
  "Direction": "left_right",
  "Length": 80.0,
  "width": 12.88888888888889,
  "center": [
    263.9798850574713,
    26.051724137931036
  ],
  "EigenValues": [
    11.71584644909504,
    625.6099296609327
  ],
  "EigenVector": [
    0.8433875004536294,
    0.5373058012701697
  ],
  "EigenMinorVector": [
    0.5373058012701697,
    -0.8433875004536294
  ],
  "EigenRatio": 53.398611221066005,
  "lower_left": [
    230.24438503932612,
    4.559492087124248
  ],
  "upper_right": [
    297.71538507561644,
    47.54395618873782
  ],
  "left_edge": [
    260.51724767150796,
    31.486888029743312
  ],
  "right_edge": [
    267.4425224434346,
    20.61656024611876
  ]
}