{
  "p0": [
    340.96797119607373,
    5.830795882838203
  ],
  "p2": [
    320.09396323384044,
    479.46894292766297
  ],
  "orientation": "vertical",
  "p1": [
    338.23669084570935,
    235.43349892900483
  ],
  "start_radius": 25.37570643787806,
  "end_radius": 25.081911631804402
}