{
  "p0": [
    331.55814576519714,
    5.830795882838203
  ],
  "p2": [
    333.57036532698197,
    479.46894292766297
  ],
  "orientation": "vertical",
  "p1": [
    331.41643549982626,
    240.83945205920526
  ],
  "start_radius": 24.673447537473233,
  "end_radius": 24.673447537473233
}