{
  "p0": [
    331.836110678758,
    5.830795882838203
  ],
  "p2": [
    333.84328324360274,
    479.46894292766297
  ],
  "orientation": "vertical",
  "p1": [
    332.8396969611804,
    242.64986940525057
  ],
  "start_radius": 24.673447537473233,
  "end_radius": 24.673447537473233
}