{
  "p0": [
    338.0875166714265,
    -7.828759101364398
  ],
  "p2": [
    333.36789166040313,
    490.58296845100267
  ],
  "orientation": "vertical",
  "p1": [
    330.2048766604842,
    235.37217526808058
  ],
  "start_radius": 26.3982869379015,
  "end_radius": 26.3982869379015
}