{
  "p0": [
    338.08751667142633,
    -7.828759101364398
  ],
  "p2": [
    333.36789166039756,
    490.58296845100267
  ],
  "orientation": "vertical",
  "p1": [
    330.2048766604875,
    235.37217526808024
  ],
  "start_radius": 26.3982869379015,
  "end_radius": 26.3982869379015
}