{
  "x_min": 300.5,
  "y_min": 6.5,
  "x_max": 358.5,
  "y_max": 472.5,
  "x_span": 58.0,
  "y_span": 466.0,
  "Direction": "up_down",
  "Length": 466.0,
  "width": 49.34689507494647,
  "center": [
    332.7919071382079,
    231.3727706660881
  ],
  "EigenValues": [
    211.94734360538132,
    17471.89948438777
  ],
  "EigenVector": [
    0.004237738354599788,
    0.9999910207465055
  ],
  "EigenMinorVector": [
    0.9999910207465055,
    -0.004237738354599788
  ],
  "EigenRatio": 82.43509537405761,
  "lower_left": [
    331.8045141015861,
    -1.6251371678476971
  ],
  "upper_right": [
    333.77930017482964,
    464.37067850002387
  ],
  "left_edge": [
    308.11868114987465,
    231.47733028105785
  ],
  "right_edge": [
    357.4651331265411,
    231.26821105111833
  ]
}