{
  "p0": [
    337.6625728608975,
    -7.828759101364398
  ],
  "p2": [
    331.3076220913964,
    490.58296845100267
  ],
  "orientation": "vertical",
  "p1": [
    334.48509747614696,
    241.37710467481912
  ],
  "start_radius": 26.3982869379015,
  "end_radius": 26.3982869379015
}