{
  "p0": [
    338.70508993114134,
    -7.828759101364398
  ],
  "p2": [
    325.58587286312843,
    490.58296845100267
  ],
  "orientation": "vertical",
  "p1": [
    328.48894093875373,
    233.2644495205139
  ],
  "start_radius": 68.7833589136076,
  "end_radius": 41.430341004492604
}