{
  "x_min": 299.5,
  "y_min": 4.5,
  "x_max": 379.5,
  "y_max": 470.5,
  "x_span": 80.0,
  "y_span": 466.0,
  "Direction": "up_down",
  "Length": 466.0,
  "width": 52.796573875803,
  "center": [
    334.78702952628163,
    217.6969094743673
  ],
  "EigenValues": [
    261.59932948287315,
    18332.906640768364
  ],
  "EigenVector": [
    -0.012749367460964995,
    0.9999187235117389
  ],
  "EigenMinorVector": [
    0.9999187235117389,
    0.012749367460964995
  ],
  "EigenRatio": 70.08009797658374,
  "lower_left": [
    337.75763214468645,
    -15.28415310386788
  ],
  "upper_right": [
    331.8164269078768,
    450.67797205260246
  ],
  "left_edge": [
    308.39088814843853,
    217.360348013856
  ],
  "right_edge": [
    361.1831709041247,
    218.03347093487858
  ]
}