{
  "p0": [
    488.3225125709404,
    416.31375640255504
  ],
  "p2": [
    617.2613568006578,
    352.31378882546414
  ],
  "orientation": "horizontal",
  "p1": [
    550.8761071305919,
    384.9070529063897
  ],
  "start_radius": 8.149193548387096,
  "end_radius": 8.149193548387096
}