{
  "p0": [
    496.52956632181196,
    211.93741674023295
  ],
  "p2": [
    637.3334530970642,
    249.28262822625663
  ],
  "orientation": "horizontal",
  "p1": [
    561.1819069353727,
    235.02758875743194
  ],
  "start_radius": 6.952554744525547,
  "end_radius": 6.952554744525547
}