{
  "x_min": 490.5,
  "y_min": 350.5,
  "x_max": 613.5,
  "y_max": 419.5,
  "x_span": 123.0,
  "y_span": 69.0,
  "Direction": "left_right",
  "Length": 123.0,
  "width": 16.298387096774192,
  "center": [
    552.7919346857991,
    384.5984661058882
  ],
  "EigenValues": [
    20.307921021508207,
    1456.9847343152767
  ],
  "EigenVector": [
    0.8949894870743691,
    -0.4460872314092367
  ],
  "EigenMinorVector": [
    -0.4460872314092367,
    -0.8949894870743691
  ],
  "EigenRatio": 71.74465238328324,
  "lower_left": [
    497.7500812307254,
    412.0328308375562
  ],
  "upper_right": [
    607.8337881408728,
    357.16410137422014
  ],
  "left_edge": [
    556.4271858740171,
    391.8919086598289
  ],
  "right_edge": [
    549.1566834975811,
    377.30502355194744
  ]
}