{
  "p0": [
    39.11624422003082,
    251.49481814564433
  ],
  "p2": [
    186.5204561460696,
    301.04388061006904
  ],
  "orientation": "horizontal",
  "p1": [
    112.8183501830502,
    276.26934937785666
  ],
  "start_radius": 6.058441558441558,
  "end_radius": 6.058441558441558
}