{
  "p0": [
    488.3225125709404,
    416.48118392148274
  ],
  "p2": [
    617.2613568006578,
    352.3790950635282
  ],
  "orientation": "horizontal",
  "p1": [
    552.0554849552776,
    384.0327507616333
  ],
  "start_radius": 8.31331169018998,
  "end_radius": 8.121463241668675
}