{
  "p0": [
    496.52956632181196,
    214.93046313172087
  ],
  "p2": [
    637.3334530970642,
    251.48301362636576
  ],
  "orientation": "horizontal",
  "p1": [
    566.931509709438,
    233.20673837904332
  ],
  "start_radius": 6.952554744525547,
  "end_radius": 6.952554744525547
}