{
  "p0": [
    39.11624422003082,
    247.19467402478068
  ],
  "p2": [
    186.5204561460696,
    296.36628459044624
  ],
  "orientation": "horizontal",
  "p1": [
    111.96445774903535,
    281.8232600311093
  ],
  "start_radius": 3.7113300437208263,
  "end_radius": 9.176465694182603
}