{
  "p0": [
    488.3225125709404,
    416.3137564025553
  ],
  "p2": [
    617.2613568006578,
    352.31378882546426
  ],
  "orientation": "horizontal",
  "p1": [
    550.876107130592,
    384.90705290638965
  ],
  "start_radius": 8.149193548387096,
  "end_radius": 8.149193548387096
}