{
  "p0": [
    39.11624422003082,
    247.35639928891425
  ],
  "p2": [
    186.5204561460696,
    296.42254508044687
  ],
  "orientation": "horizontal",
  "p1": [
    111.66169297218639,
    281.5743267850202
  ],
  "start_radius": 6.058441558441558,
  "end_radius": 6.058441558441558
}