{
  "p0": [
    488.3225125709404,
    416.73178882879637
  ],
  "p2": [
    617.2613568006578,
    352.46514338298
  ],
  "orientation": "horizontal",
  "p1": [
    552.7919346857991,
    384.5984661058882
  ],
  "start_radius": 8.149193548387096,
  "end_radius": 8.149193548387096
}