{
  "p0": [
    496.52956632181196,
    211.93741674023332
  ],
  "p2": [
    637.3334530970642,
    249.2826282262567
  ],
  "orientation": "horizontal",
  "p1": [
    561.1819069353725,
    235.0275887574319
  ],
  "start_radius": 6.952554744525547,
  "end_radius": 6.952554744525547
}