{
  "x_min": 38.5,
  "y_min": 248.5,
  "x_max": 191.5,
  "y_max": 302.5,
  "x_span": 153.0,
  "y_span": 54.0,
  "Direction": "left_right",
  "Length": 153.0,
  "width": 12.116883116883116,
  "center": [
    116.32797427652733,
    277.449088960343
  ],
  "EigenValues": [
    36.88077385313147,
    1940.987292202632
  ],
  "EigenVector": [
    0.9478809737690036,
    0.3186246374132507
  ],
  "EigenMinorVector": [
    0.3186246374132507,
    -0.9478809737690036
  ],
  "EigenRatio": 52.62870296410081,
  "lower_left": [
    43.815079783198556,
    253.0743041982293
  ],
  "upper_right": [
    188.84086876985612,
    301.82387372245665
  ],
  "left_edge": [
    114.39760553167952,
    283.19177044428113
  ],
  "right_edge": [
    118.25834302137514,
    271.7064074764048
  ]
}