{
  "p0": [
    496.52956632181196,
    211.62531711151158
  ],
  "p2": [
    637.3334530970642,
    248.90995096418277
  ],
  "orientation": "horizontal",
  "p1": [
    560.5439138454873,
    234.1203794598806
  ],
  "start_radius": 6.9525547445255,
  "end_radius": 6.952554744525546
}