{
  "x_min": 499.5,
  "y_min": 209.5,
  "x_max": 635.5,
  "y_max": 254.5,
  "x_span": 136.0,
  "y_span": 45.0,
  "Direction": "left_right",
  "Length": 136.0,
  "width": 13.905109489051094,
  "center": [
    560.2417322834646,
    231.47007874015748
  ],
  "EigenValues": [
    18.195268739259845,
    1657.4897243130788
  ],
  "EigenVector": [
    0.9679169597966178,
    0.2512702905997295
  ],
  "EigenMinorVector": [
    0.2512702905997295,
    -0.9679169597966178
  ],
  "EigenRatio": 91.09454485476881,
  "lower_left": [
    494.42337901729456,
    214.38369897937588
  ],
  "upper_right": [
    626.0600855496346,
    248.55645850093907
  ],
  "left_edge": [
    558.4947618323971,
    238.1995743912982
  ],
  "right_edge": [
    561.988702734532,
    224.74058308901675
  ]
}