{
  "p0": [
    13.388996242127277,
    -9.05976640589924
  ],
  "p2": [
    12.845652880679847,
    485.00713482695187
  ],
  "orientation": "vertical",
  "p1": [
    13.117324561403528,
    237.9736842105255
  ],
  "start_radius": 8.825806451612904,
  "end_radius": 8.825806451612904
}