{
  "x_min": 424.5,
  "y_min": 3.5,
  "x_max": 532.5,
  "y_max": 455.5,
  "x_span": 108.0,
  "y_span": 452.0,
  "Direction": "up_down",
  "Length": 452.0,
  "width": 48.015452538631344,
  "center": [
    474.482805388258,
    238.45935819042802
  ],
  "EigenValues": [
    225.55724532705062,
    17078.701312919173
  ],
  "EigenVector": [
    -0.15999037350525105,
    0.9871185746330835
  ],
  "EigenMinorVector": [
    0.9871185746330835,
    0.15999037350525105
  ],
  "EigenRatio": 75.71781295766232,
  "lower_left": [
    510.64062980044474,
    15.370560323351157
  ],
  "upper_right": [
    438.32498097607123,
    461.5481560575049
  ],
  "left_edge": [
    450.78433285310985,
    234.61835309758837
  ],
  "right_edge": [
    498.1812779234061,
    242.30036328326767
  ]
}