{
  "p0": [
    512.9836568223544,
    0.9144062215644908
  ],
  "p2": [
    439.48203135726123,
    454.4093145257585
  ],
  "orientation": "vertical",
  "p1": [
    476.2328440898078,
    227.66186037366148
  ],
  "start_radius": 24.007726269315672,
  "end_radius": 24.007726269315672
}