{
  "x_min": 4.5,
  "y_min": 7.5,
  "x_max": 24.5,
  "y_max": 471.5,
  "x_span": 20.0,
  "y_span": 464.0,
  "Direction": "up_down",
  "Length": 464.0,
  "width": 17.651612903225807,
  "center": [
    13.117324561403509,
    237.97368421052633
  ],
  "EigenValues": [
    30.109300390226053,
    15342.697246732583
  ],
  "EigenVector": [
    -0.0010997357473789863,
    0.9999993952904602
  ],
  "EigenMinorVector": [
    0.9999993952904602,
    0.0010997357473789863
  ],
  "EigenRatio": 509.566713536561,
  "lower_left": [
    13.372463254795433,
    5.973824503139554
  ],
  "upper_right": [
    12.862185868011585,
    469.9735439179131
  ],
  "left_edge": [
    4.291523446839962,
    237.96397815567204
  ],
  "right_edge": [
    21.943125675967053,
    237.98339026538062
  ]
}