{
  "p0": [
    525.4945927290031,
    0.9144062215644908
  ],
  "p2": [
    449.46277305311247,
    454.4093145257585
  ],
  "orientation": "vertical",
  "p1": [
    453.9681634183438,
    220.81711370343476
  ],
  "start_radius": 24.007726269315672,
  "end_radius": 24.007726269315672
}