{
  "p0": [
    13.38899624212723,
    -9.05976640589924
  ],
  "p2": [
    12.845652880679786,
    485.00713482695187
  ],
  "orientation": "vertical",
  "p1": [
    13.117324561403509,
    237.9736842105263
  ],
  "start_radius": 8.825806451612904,
  "end_radius": 8.825806451612904
}