{
  "p0": [
    526.7408822247374,
    0.9144062215644908
  ],
  "p2": [
    449.44931099763977,
    454.4093145257585
  ],
  "orientation": "vertical",
  "p1": [
    453.9294734851277,
    219.37046553509975
  ],
  "start_radius": 23.5715259739639,
  "end_radius": 24.63908073557194
}