{
  "p0": [
    12.69821575579523,
    -9.05976640589924
  ],
  "p2": [
    12.654449148932581,
    485.00713482695187
  ],
  "orientation": "vertical",
  "p1": [
    14.321685473086166,
    236.33539917227216
  ],
  "start_radius": 8.825806451612912,
  "end_radius": 8.825806451612907
}