{
  "p0": [
    525.4945927290026,
    0.9144062215644908
  ],
  "p2": [
    449.4627730531117,
    454.4093145257585
  ],
  "orientation": "vertical",
  "p1": [
    453.96816341834824,
    220.81711370343356
  ],
  "start_radius": 24.007726269315672,
  "end_radius": 24.007726269315672
}