{
  "p0": [
    13.388996242127254,
    -9.05976640589924
  ],
  "p2": [
    12.845652880679879,
    485.00713482695187
  ],
  "orientation": "vertical",
  "p1": [
    13.117324561403535,
    237.97368421052556
  ],
  "start_radius": 8.825806451612904,
  "end_radius": 8.825806451612904
}