{
  "x_min": 273.5,
  "y_min": 375.5,
  "x_max": 627.5,
  "y_max": 469.5,
  "x_span": 354.0,
  "y_span": 94.0,
  "Direction": "left_right",
  "Length": 354.0,
  "width": 24.56619718309859,
  "center": [
    467.1433895195505,
    421.72485953445704
  ],
  "EigenValues": [
    433.3688807587146,
    9136.479398124167
  ],
  "EigenVector": [
    0.9996574809332842,
    -0.026170991844414116
  ],
  "EigenMinorVector": [
    -0.026170991844414116,
    -0.9996574809332842
  ],
  "EigenRatio": 21.082453779626725,
  "lower_left": [
    290.2040153943592,
    426.3571250909183
  ],
  "upper_right": [
    644.0827636447418,
    417.09259397799576
  ],
  "left_edge": [
    467.4648503926141,
    434.0037509305404
  ],
  "right_edge": [
    466.8219286464869,
    409.4459681383737
  ]
}