{
  "p0": [
    259.89783939419635,
    402.72547601154014
  ],
  "p2": [
    638.4207036727357,
    390.5532600507699
  ],
  "orientation": "horizontal",
  "p1": [
    447.82591197659497,
    467.76482057596195
  ],
  "start_radius": 12.283098591549296,
  "end_radius": 12.283098591549296
}