{
  "p0": [
    269.8988112053879,
    379.978407640554
  ],
  "p2": [
    459.1526807666665,
    468.83049200210957
  ],
  "orientation": "horizontal",
  "p1": [
    364.52574598602723,
    424.4044498213318
  ],
  "start_radius": 10.917553191489361,
  "end_radius": 10.917553191489361
}