{
  "p0": [
    269.8988112053879,
    369.309111210145
  ],
  "p2": [
    459.1526807666665,
    463.41269456821715
  ],
  "orientation": "horizontal",
  "p1": [
    357.25850467464096,
    431.7360109119029
  ],
  "start_radius": 10.917553191489361,
  "end_radius": 10.917553191489361
}