{
  "p0": [
    259.89783939419635,
    402.539073627176
  ],
  "p2": [
    638.4207036727357,
    391.6876781731321
  ],
  "orientation": "horizontal",
  "p1": [
    448.1648835595031,
    467.95044894170314
  ],
  "start_radius": 9.595242065279422,
  "end_radius": 11.779125492873625
}