{
  "p0": [
    259.89783939419635,
    427.15053953542906
  ],
  "p2": [
    638.4207036727357,
    417.2408264758025
  ],
  "orientation": "horizontal",
  "p1": [
    449.15927153346604,
    422.1956830056158
  ],
  "start_radius": 12.283098591549296,
  "end_radius": 12.283098591549296
}