{
  "p0": [
    269.8988112053879,
    369.30911121014583
  ],
  "p2": [
    459.1526807666665,
    463.4126945682176
  ],
  "orientation": "horizontal",
  "p1": [
    357.2585046746413,
    431.7360109119029
  ],
  "start_radius": 10.917553191489361,
  "end_radius": 10.917553191489361
}