{
  "p0": [
    269.8988112053879,
    368.3049175099282
  ],
  "p2": [
    459.1526807666665,
    464.22955231017136
  ],
  "orientation": "horizontal",
  "p1": [
    353.9646880050598,
    432.03269648820924
  ],
  "start_radius": 10.917553191489372,
  "end_radius": 10.917553191489365
}