{
  "p0": [
    259.89783939419635,
    402.7254760115386
  ],
  "p2": [
    638.4207036727357,
    390.5532600507694
  ],
  "orientation": "horizontal",
  "p1": [
    447.8259119765954,
    467.7648205759633
  ],
  "start_radius": 12.283098591549296,
  "end_radius": 12.283098591549296
}