{
  "x_min": 271.5,
  "y_min": 367.5,
  "x_max": 458.5,
  "y_max": 470.5,
  "x_span": 187.0,
  "y_span": 103.0,
  "Direction": "left_right",
  "Length": 187.0,
  "width": 21.835106382978722,
  "center": [
    369.031790499391,
    426.51997563946406
  ],
  "EigenValues": [
    63.21186267899577,
    3577.884254118615
  ],
  "EigenVector": [
    0.9052026567945324,
    0.4249801761636888
  ],
  "EigenMinorVector": [
    0.4249801761636888,
    -0.9052026567945324
  ],
  "EigenRatio": 56.601468497897706,
  "lower_left": [
    284.3953420891022,
    386.78432916815916
  ],
  "upper_right": [
    453.66823890967976,
    466.25562211076897
  ],
  "left_edge": [
    364.3920468207954,
    436.4025737940959
  ],
  "right_edge": [
    373.6715341779866,
    416.63737748483226
  ]
}