{
  "p0": [
    125.16611753298221,
    119.81870083864648
  ],
  "p2": [
    475.3896649476614,
    86.29504405861317
  ],
  "orientation": "horizontal",
  "p1": [
    298.1881715159077,
    72.16485972713053
  ],
  "start_radius": 5.625360230547539,
  "end_radius": 5.62536023054754
}