{
  "x_min": 486.5,
  "y_min": 131.5,
  "x_max": 636.5,
  "y_max": 201.5,
  "x_span": 150.0,
  "y_span": 70.0,
  "Direction": "left_right",
  "Length": 150.0,
  "width": 13.629139072847682,
  "center": [
    559.8114674441205,
    176.95869776482022
  ],
  "EigenValues": [
    43.8994705727693,
    2042.4351617453294
  ],
  "EigenVector": [
    0.9165706458646286,
    -0.399872793697318
  ],
  "EigenMinorVector": [
    -0.399872793697318,
    -0.9165706458646286
  ],
  "EigenRatio": 46.52528003406595,
  "lower_left": [
    491.0686690042733,
    206.94915729211905
  ],
  "upper_right": [
    628.5542658839676,
    146.96823823752138
  ],
  "left_edge": [
    562.536428402495,
    183.20473216610964
  ],
  "right_edge": [
    557.086506485746,
    170.7126633635308
  ]
}