{
  "p0": [
    486.61413566537124,
    208.89253906948804
  ],
  "p2": [
    640.3285324007446,
    141.8314723296856
  ],
  "orientation": "horizontal",
  "p1": [
    563.4713340330579,
    175.3620056995868
  ],
  "start_radius": 6.814569536423841,
  "end_radius": 6.814569536423841
}