{
  "p0": [
    125.16611753298227,
    119.87475165639029
  ],
  "p2": [
    475.38966494766134,
    86.36883149446486
  ],
  "orientation": "horizontal",
  "p1": [
    298.5302353038815,
    72.27081289802605
  ],
  "start_radius": 5.6253602305475505,
  "end_radius": 5.6253602305475505
}