{
  "p0": [
    486.61413566537124,
    195.2708001156225
  ],
  "p2": [
    640.3285324007446,
    130.3071616237482
  ],
  "orientation": "horizontal",
  "p1": [
    565.2519242491844,
    195.64377083448147
  ],
  "start_radius": 6.814569536423841,
  "end_radius": 6.814569536423841
}