{
  "x_min": 124.5,
  "y_min": 77.5,
  "x_max": 470.5,
  "y_max": 117.5,
  "x_span": 346.0,
  "y_span": 40.0,
  "Direction": "left_right",
  "Length": 346.0,
  "width": 11.250720461095101,
  "center": [
    308.6165471311475,
    92.85963114754098
  ],
  "EigenValues": [
    47.32066867528815,
    9994.294767892527
  ],
  "EigenVector": [
    0.9958744435610867,
    -0.09074190135706796
  ],
  "EigenMinorVector": [
    -0.09074190135706796,
    -0.9958744435610867
  ],
  "EigenRatio": 211.20358286719983,
  "lower_left": [
    136.33026839507951,
    108.55798008231373
  ],
  "upper_right": [
    480.9028258672155,
    77.16128221276823
  ],
  "left_edge": [
    309.12700301428583,
    98.46178363696819
  ],
  "right_edge": [
    308.1060912480092,
    87.25747865811377
  ]
}