{
  "p0": [
    197.32256313121337,
    354.0095770687502
  ],
  "p2": [
    430.59491720685935,
    335.9266786648781
  ],
  "orientation": "horizontal",
  "p1": [
    318.72180324182915,
    408.292586336318
  ],
  "start_radius": 7.766051525825504,
  "end_radius": 4.897136073731431
}