{
  "p0": [
    125.16611753298221,
    109.57523309328703
  ],
  "p2": [
    475.3896649476614,
    77.66362937868095
  ],
  "orientation": "horizontal",
  "p1": [
    300.2778912403218,
    93.619431235984
  ],
  "start_radius": 5.6253602305475505,
  "end_radius": 5.6253602305475505
}