{
  "p0": [
    125.16611753298227,
    109.57523309328701
  ],
  "p2": [
    475.38966494766134,
    77.66362937868095
  ],
  "orientation": "horizontal",
  "p1": [
    300.2778912403218,
    93.61943123598398
  ],
  "start_radius": 5.6253602305475505,
  "end_radius": 5.6253602305475505
}