{
  "p0": [
    197.32256313121337,
    365.11038188027214
  ],
  "p2": [
    430.59491720685935,
    333.2759548500112
  ],
  "orientation": "horizontal",
  "p1": [
    317.7808582696639,
    412.3009514424465
  ],
  "start_radius": 6.921171171171171,
  "end_radius": 6.921171171171171
}