{
  "x_min": 204.5,
  "y_min": 333.5,
  "x_max": 425.5,
  "y_max": 392.5,
  "x_span": 221.0,
  "y_span": 59.0,
  "Direction": "left_right",
  "Length": 221.0,
  "width": 13.842342342342342,
  "center": [
    325.04181581516434,
    371.06101529450046
  ],
  "EigenValues": [
    98.79181722940992,
    3874.2269608630477
  ],
  "EigenVector": [
    0.9868095938044108,
    -0.16188522346271703
  ],
  "EigenMinorVector": [
    -0.16188522346271703,
    -0.9868095938044108
  ],
  "EigenRatio": 39.21607142691274,
  "lower_left": [
    215.99935569977694,
    388.9493324871307
  ],
  "upper_right": [
    434.0842759305517,
    353.17269810187025
  ],
  "left_edge": [
    326.1622511568331,
    377.89089340657466
  ],
  "right_edge": [
    323.92138047349556,
    364.23113718242627
  ]
}