{
  "p0": [
    486.61413566537124,
    195.2708001156219
  ],
  "p2": [
    640.3285324007446,
    130.307161623748
  ],
  "orientation": "horizontal",
  "p1": [
    565.2519242491843,
    195.64377083448176
  ],
  "start_radius": 6.814569536423841,
  "end_radius": 6.814569536423841
}