{
  "x_min": 124.5,
  "y_min": 77.5,
  "x_max": 470.5,
  "y_max": 117.5,
  "x_span": 346.0,
  "y_span": 40.0,
  "Direction": "left_right",
  "Length": 346.0,
  "width": 11.250720461095101,
  "center": [
    308.6165471311475,
    92.85963114754098
  ],
  "EigenValues": [
    47.320668675288104,
    9994.294767892525
  ],
  "EigenVector": [
    0.9958744435610869,
    -0.09074190135706799
  ],
  "EigenMinorVector": [
    -0.09074190135706799,
    -0.9958744435610869
  ],
  "EigenRatio": 211.20358286719997,
  "lower_left": [
    136.3302683950795,
    108.55798008231375
  ],
  "upper_right": [
    480.90282586721554,
    77.16128221276821
  ],
  "left_edge": [
    309.12700301428583,
    98.46178363696819
  ],
  "right_edge": [
    308.1060912480092,
    87.25747865811377
  ]
}