{
  "p0": [
    197.32256313121337,
    392.01324345588444
  ],
  "p2": [
    430.59491720685935,
    353.7451242520344
  ],
  "orientation": "horizontal",
  "p1": [
    313.95874016903633,
    372.8791838539594
  ],
  "start_radius": 6.921171171171171,
  "end_radius": 6.921171171171171
}