{
  "p0": [
    521.7593582103773,
    -0.43942179263422076
  ],
  "p2": [
    445.1058984114435,
    318.21634137814306
  ],
  "orientation": "vertical",
  "p1": [
    464.7422379459575,
    157.9235802934028
  ],
  "start_radius": 20.07792207792208,
  "end_radius": 20.07792207792208
}