{
  "p0": [
    154.02166530319766,
    203.27298960014315
  ],
  "p2": [
    160.34232713822644,
    471.91632336919395
  ],
  "orientation": "vertical",
  "p1": [
    157.18199622071205,
    337.5946564846686
  ],
  "start_radius": 8.374524714828897,
  "end_radius": 8.374524714828897
}