{
  "x_min": 147.5,
  "y_min": 240.5,
  "x_max": 168.5,
  "y_max": 471.5,
  "x_span": 21.0,
  "y_span": 231.0,
  "Direction": "up_down",
  "Length": 231.0,
  "width": 15.237068965517242,
  "center": [
    158.06124469589815,
    363.42984441301275
  ],
  "EigenValues": [
    22.496066746775796,
    3933.351440875684
  ],
  "EigenVector": [
    0.032789239924692154,
    0.9994622883056473
  ],
  "EigenMinorVector": [
    0.9994622883056473,
    -0.032789239924692154
  ],
  "EigenRatio": 174.8461846753466,
  "lower_left": [
    154.2740874845962,
    247.99195011371046
  ],
  "upper_right": [
    161.8484019072001,
    478.86773871231503
  ],
  "left_edge": [
    150.44680678822473,
    363.6796503680425
  ],
  "right_edge": [
    165.67568260357157,
    363.180038457983
  ]
}