{
  "p0": [
    148.63607740164596,
    203.27298960014315
  ],
  "p2": [
    158.5717033004674,
    471.91632336919395
  ],
  "orientation": "vertical",
  "p1": [
    162.74899055324687,
    329.74654152061373
  ],
  "start_radius": 8.374524714828897,
  "end_radius": 8.374524714828897
}