{
  "p0": [
    519.1343263415084,
    5.258321757185854
  ],
  "p2": [
    396.6760182527354,
    480.8495923770616
  ],
  "orientation": "vertical",
  "p1": [
    444.4382816374399,
    224.06905796267245
  ],
  "start_radius": 16.31159420289859,
  "end_radius": 16.311594202898565
}