{
  "p0": [
    516.9119041024177,
    5.258321757185854
  ],
  "p2": [
    385.78149021532397,
    480.8495923770616
  ],
  "orientation": "vertical",
  "p1": [
    451.3466971588708,
    243.05395706712372
  ],
  "start_radius": 16.31159420289855,
  "end_radius": 16.31159420289855
}