{
  "p0": [
    146.77780739317814,
    219.02865641287383
  ],
  "p2": [
    158.86609470324788,
    471.220295533109
  ],
  "orientation": "vertical",
  "p1": [
    165.50094177234908,
    339.67675712144865
  ],
  "start_radius": 7.834008097165992,
  "end_radius": 7.834008097165992
}