{
  "p0": [
    158.5005593552647,
    240.51157456311566
  ],
  "p2": [
    148.30618167911763,
    475.1737260947374
  ],
  "orientation": "vertical",
  "p1": [
    158.77098925542018,
    356.62912963529703
  ],
  "start_radius": 8.328299131145162,
  "end_radius": 6.2081676392280265
}