{
  "p0": [
    522.6875072479723,
    -0.43942179263422076
  ],
  "p2": [
    444.6497708718574,
    318.21634137814306
  ],
  "orientation": "vertical",
  "p1": [
    466.3449124412299,
    158.31234233293185
  ],
  "start_radius": 20.12345716167343,
  "end_radius": 22.625143387525785
}