{
  "p0": [
    519.4026089917463,
    5.258321757185854
  ],
  "p2": [
    396.2576797160351,
    480.8495923770616
  ],
  "orientation": "vertical",
  "p1": [
    445.5490572531579,
    231.9345881272098
  ],
  "start_radius": 16.31159420289855,
  "end_radius": 16.31159420289855
}