{
  "p0": [
    151.06802091986808,
    240.51157456311566
  ],
  "p2": [
    160.40533696562687,
    475.1737260947374
  ],
  "orientation": "vertical",
  "p1": [
    161.90660127855432,
    356.4775944940799
  ],
  "start_radius": 7.618534482758621,
  "end_radius": 7.618534482758621
}