{
  "x_min": 146.5,
  "y_min": 209.5,
  "x_max": 168.5,
  "y_max": 471.5,
  "x_span": 22.0,
  "y_span": 262.0,
  "Direction": "up_down",
  "Length": 262.0,
  "width": 16.749049429657795,
  "center": [
    157.63076049943245,
    356.66821793416574
  ],
  "EigenValues": [
    29.10059147271022,
    4947.345601184669
  ],
  "EigenVector": [
    0.0235215704267348,
    0.9997233295890721
  ],
  "EigenMinorVector": [
    0.9997233295890721,
    -0.0235215704267348
  ],
  "EigenRatio": 170.00842081935556,
  "lower_left": [
    154.5494347735302,
    225.7044617579973
  ],
  "upper_right": [
    160.7120862253347,
    487.63197411033417
  ],
  "left_edge": [
    149.25855276779774,
    356.865199907036
  ],
  "right_edge": [
    166.00296823106717,
    356.47123596129546
  ]
}