{
  "p0": [
    153.67981264529075,
    219.02865641287383
  ],
  "p2": [
    161.32320437951003,
    471.220295533109
  ],
  "orientation": "vertical",
  "p1": [
    157.5015085124004,
    345.1244759729914
  ],
  "start_radius": 7.834008097165992,
  "end_radius": 7.834008097165992
}