{
  "p0": [
    154.02867969730383,
    240.51157456311566
  ],
  "p2": [
    161.72721287643844,
    475.1737260947374
  ],
  "orientation": "vertical",
  "p1": [
    157.87794628687112,
    357.84265032892654
  ],
  "start_radius": 7.618534482758621,
  "end_radius": 7.618534482758621
}