{
  "p0": [
    152.47706148612542,
    203.27298960014315
  ],
  "p2": [
    159.79274161116683,
    471.91632336919395
  ],
  "orientation": "vertical",
  "p1": [
    159.5276380074116,
    329.8629302970137
  ],
  "start_radius": 8.61320166545079,
  "end_radius": 4.632116276897035
}