{
  "p0": [
    516.1214606977888,
    -0.43942179263422076
  ],
  "p2": [
    436.80193294377375,
    318.21634137814306
  ],
  "orientation": "vertical",
  "p1": [
    476.4616968207813,
    158.88845979275442
  ],
  "start_radius": 20.07792207792208,
  "end_radius": 20.07792207792208
}