{
  "p0": [
    519.4026089917459,
    5.258321757185854
  ],
  "p2": [
    396.25767971603517,
    480.8495923770616
  ],
  "orientation": "vertical",
  "p1": [
    445.54905725315837,
    231.93458812720974
  ],
  "start_radius": 16.31159420289855,
  "end_radius": 16.31159420289855
}