{
  "p0": [
    151.06802091986796,
    240.51157456311566
  ],
  "p2": [
    160.40533696562676,
    475.1737260947374
  ],
  "orientation": "vertical",
  "p1": [
    161.90660127855458,
    356.47759449408
  ],
  "start_radius": 7.618534482758621,
  "end_radius": 7.618534482758621
}