{
  "x_min": 437.5,
  "y_min": 6.5,
  "x_max": 532.5,
  "y_max": 313.5,
  "x_span": 95.0,
  "y_span": 307.0,
  "Direction": "up_down",
  "Length": 307.0,
  "width": 40.15584415584416,
  "center": [
    480.23027166882275,
    143.7487063389392
  ],
  "EigenValues": [
    160.05789878116047,
    7284.963138300478
  ],
  "EigenVector": [
    -0.24154836883843986,
    0.9703887805985234
  ],
  "EigenMinorVector": [
    0.9703887805985234,
    0.24154836883843986
  ],
  "EigenRatio": 45.514549383538146,
  "lower_left": [
    517.3079462855233,
    -5.205971482934132
  ],
  "upper_right": [
    443.15259705212225,
    292.70338416081256
  ],
  "left_edge": [
    460.74688134667576,
    138.8989170113518
  ],
  "right_edge": [
    499.71366199096974,
    148.5984956665266
  ]
}