{
  "p0": [
    521.7593582103776,
    -0.43942179263419234
  ],
  "p2": [
    445.10589841144355,
    318.21634137814306
  ],
  "orientation": "vertical",
  "p1": [
    464.74223794595764,
    157.92358029340272
  ],
  "start_radius": 20.07792207792208,
  "end_radius": 20.07792207792208
}