{
  "x_min": 144.5,
  "y_min": 223.5,
  "x_max": 169.5,
  "y_max": 469.5,
  "x_span": 25.0,
  "y_span": 246.0,
  "Direction": "up_down",
  "Length": 246.0,
  "width": 15.668016194331983,
  "center": [
    158.04418604651164,
    363.02997416020673
  ],
  "EigenValues": [
    27.02579930840875,
    4371.306577839036
  ],
  "EigenVector": [
    0.03029396094787881,
    0.9995410326395253
  ],
  "EigenMinorVector": [
    0.9995410326395253,
    -0.03029396094787881
  ],
  "EigenRatio": 161.74569077329593,
  "lower_left": [
    154.31802884992254,
    240.08642714554512
  ],
  "upper_right": [
    161.77034324310074,
    485.9735211748683
  ],
  "left_edge": [
    150.21377350336394,
    363.26729729556763
  ],
  "right_edge": [
    165.87459858965934,
    362.79265102484584
  ]
}