{
  "x_min": 399.5,
  "y_min": 10.5,
  "x_max": 526.5,
  "y_max": 455.5,
  "x_span": 127.0,
  "y_span": 445.0,
  "Direction": "up_down",
  "Length": 445.0,
  "width": 32.6231884057971,
  "center": [
    469.5990670812972,
    176.85521990226567
  ],
  "EigenValues": [
    108.04778155811437,
    9965.562878743569
  ],
  "EigenVector": [
    -0.2658024551748341,
    0.9640275176689878
  ],
  "EigenMinorVector": [
    0.9640275176689878,
    0.2658024551748341
  ],
  "EigenRatio": 92.2329244990885,
  "lower_left": [
    528.7401133576979,
    -37.640902779084115
  ],
  "upper_right": [
    410.45802080489665,
    391.35134258361546
  ],
  "left_edge": [
    453.8742414126531,
    172.51955811531965
  ],
  "right_edge": [
    485.32389274994136,
    181.1908816892117
  ]
}