{
  "p0": [
    169.70571774730928,
    219.02865641287383
  ],
  "p2": [
    162.28193282592883,
    471.220295533109
  ],
  "orientation": "vertical",
  "p1": [
    150.25086101362598,
    341.01934651401154
  ],
  "start_radius": 23.844790597230464,
  "end_radius": -204.17380986209733
}