{
  "p0": [
    117.33191915898522,
    388.81692867802195
  ],
  "p2": [
    284.0790561854643,
    420.54471648165884
  ],
  "orientation": "horizontal",
  "p1": [
    200.70548767222476,
    404.6808225798404
  ],
  "start_radius": 6.675595238095238,
  "end_radius": 6.675595238095238
}