{
  "x_min": 117.5,
  "y_min": 362.5,
  "x_max": 291.5,
  "y_max": 424.5,
  "x_span": 174.0,
  "y_span": 62.0,
  "Direction": "left_right",
  "Length": 174.0,
  "width": 16.297142857142855,
  "center": [
    205.31311360448808,
    405.7310659186536
  ],
  "EigenValues": [
    97.74010461535747,
    2567.046327201829
  ],
  "EigenVector": [
    0.9810032268710457,
    0.1939914144198023
  ],
  "EigenMinorVector": [
    0.1939914144198023,
    -0.9810032268710457
  ],
  "EigenRatio": 26.264002246611884,
  "lower_left": [
    119.9658328667071,
    388.8538128641308
  ],
  "upper_right": [
    290.66039434226906,
    422.6083189731764
  ],
  "left_edge": [
    203.7323607075587,
    413.7248407844714
  ],
  "right_edge": [
    206.89386650141745,
    397.7372910528358
  ]
}