{
  "p0": [
    117.33191915898522,
    365.9230640414671
  ],
  "p2": [
    284.0790561854643,
    404.1027812565411
  ],
  "orientation": "horizontal",
  "p1": [
    190.029468672834,
    439.8525499557842
  ],
  "start_radius": 6.964641629847819,
  "end_radius": 3.833305719194897
}