{
  "p0": [
    394.11904107881537,
    176.6637291448679
  ],
  "p2": [
    571.668039694597,
    157.69986493267183
  ],
  "orientation": "horizontal",
  "p1": [
    482.8935403867062,
    167.18179703876984
  ],
  "start_radius": 9.555232558139535,
  "end_radius": 9.555232558139535
}