{
  "p0": [
    167.2578553213255,
    252.02290647515275
  ],
  "p2": [
    226.5350776193952,
    271.273104860585
  ],
  "orientation": "horizontal",
  "p1": [
    192.6142021922691,
    263.8172155290167
  ],
  "start_radius": 2.375,
  "end_radius": 2.375
}