{
  "x_min": 165.5,
  "y_min": 242.5,
  "x_max": 226.5,
  "y_max": 273.5,
  "x_span": 61.0,
  "y_span": 31.0,
  "Direction": "left_right",
  "Length": 61.0,
  "width": 4.75,
  "center": [
    203.82793522267207,
    266.50404858299595
  ],
  "EigenValues": [
    5.407159888442685,
    206.58240595863276
  ],
  "EigenVector": [
    0.9306205900296363,
    0.3659854060108024
  ],
  "EigenMinorVector": [
    0.3659854060108024,
    -0.9306205900296363
  ],
  "EigenRatio": 38.20534443602897,
  "lower_left": [
    175.44400722676815,
    255.34149369966647
  ],
  "upper_right": [
    232.21186321857599,
    277.6666034663254
  ],
  "left_edge": [
    202.9587198833964,
    268.7142724843163
  ],
  "right_edge": [
    204.69715056194772,
    264.2938246816756
  ]
}