{
  "p0": [
    117.33191915898522,
    366.169784732767
  ],
  "p2": [
    284.0790561854643,
    404.05011056484966
  ],
  "orientation": "horizontal",
  "p1": [
    189.52751490533416,
    439.9528849986609
  ],
  "start_radius": 6.675595238095238,
  "end_radius": 6.675595238095238
}