{
  "x_min": 118.5,
  "y_min": 365.5,
  "x_max": 285.5,
  "y_max": 423.5,
  "x_span": 167.0,
  "y_span": 58.0,
  "Direction": "left_right",
  "Length": 167.0,
  "width": 13.351190476190476,
  "center": [
    204.67565760142665,
    405.4362460989746
  ],
  "EigenValues": [
    94.72979499231188,
    2358.9395511705748
  ],
  "EigenVector": [
    0.9823749020641072,
    0.18692124489884956
  ],
  "EigenMinorVector": [
    0.18692124489884956,
    -0.9823749020641072
  ],
  "EigenRatio": 24.901769832416743,
  "lower_left": [
    122.6473532790737,
    389.82832214992067
  ],
  "upper_right": [
    286.7039619237796,
    421.04417004802855
  ],
  "left_edge": [
    203.42784702908105,
    411.994183317218
  ],
  "right_edge": [
    205.92346817377225,
    398.8783088807312
  ]
}