{
  "p0": [
    114.43532907489886,
    387.7601668661977
  ],
  "p2": [
    296.1908981340773,
    423.7019649711095
  ],
  "orientation": "horizontal",
  "p1": [
    205.31311360448808,
    405.7310659186536
  ],
  "start_radius": 8.148571428571428,
  "end_radius": 8.148571428571428
}