{
  "x_min": 393.5,
  "y_min": 127.5,
  "x_max": 564.5,
  "y_max": 201.5,
  "x_span": 171.0,
  "y_span": 74.0,
  "Direction": "left_right",
  "Length": 171.0,
  "width": 19.11046511627907,
  "center": [
    462.1321874049285,
    169.3993002738059
  ],
  "EigenValues": [
    176.839755750018,
    2284.3604825224074
  ],
  "EigenVector": [
    0.9943442445338182,
    -0.10620510045412287
  ],
  "EigenMinorVector": [
    -0.10620510045412287,
    -0.9943442445338182
  ],
  "EigenRatio": 12.91768625688217,
  "lower_left": [
    377.11575449728707,
    178.4798363626334
  ],
  "upper_right": [
    547.14862031257,
    160.3187641849784
  ],
  "left_edge": [
    463.1470018386282,
    178.90049077317408
  ],
  "right_edge": [
    461.1173729712288,
    159.8981097744377
  ]
}