{
  "p0": [
    167.2578553213255,
    252.12212357087517
  ],
  "p2": [
    226.5350776193952,
    275.4340924896595
  ],
  "orientation": "horizontal",
  "p1": [
    196.89646647036034,
    263.77810803026733
  ],
  "start_radius": 2.375,
  "end_radius": 2.375
}