{
  "p0": [
    167.2578553213255,
    252.0229064751522
  ],
  "p2": [
    226.5350776193952,
    271.2731048605844
  ],
  "orientation": "horizontal",
  "p1": [
    192.61420219226957,
    263.81721552901746
  ],
  "start_radius": 2.375,
  "end_radius": 2.375
}