{
  "p0": [
    114.43532907489886,
    366.83928746590647
  ],
  "p2": [
    296.1908981340773,
    403.953201137085
  ],
  "orientation": "horizontal",
  "p1": [
    195.7023201478941,
    440.7117565157446
  ],
  "start_radius": 8.148571428571428,
  "end_radius": 8.148571428571428
}