{
  "p0": [
    394.11904107881537,
    160.8313389442012
  ],
  "p2": [
    571.668039694597,
    136.89216969551177
  ],
  "orientation": "horizontal",
  "p1": [
    488.24995231492346,
    201.78491812232767
  ],
  "start_radius": 9.555232558139535,
  "end_radius": 9.555232558139535
}