{
  "p0": [
    394.11904107881537,
    160.83133894420072
  ],
  "p2": [
    571.668039694597,
    136.89216969551174
  ],
  "orientation": "horizontal",
  "p1": [
    488.2499523149228,
    201.78491812232787
  ],
  "start_radius": 9.555232558139535,
  "end_radius": 9.555232558139535
}