{
  "p0": [
    114.43532907489886,
    366.83928746590647
  ],
  "p2": [
    296.1908981340773,
    403.9532011370849
  ],
  "orientation": "horizontal",
  "p1": [
    195.70232014789417,
    440.71175651574447
  ],
  "start_radius": 8.148571428571428,
  "end_radius": 8.148571428571428
}