{
  "p0": [
    114.43532907489886,
    336.6923417060994
  ],
  "p2": [
    296.1908981340773,
    370.1263190659497
  ],
  "orientation": "horizontal",
  "p1": [
    217.84362211367431,
    407.8035668378943
  ],
  "start_radius": 21.042219376090152,
  "end_radius": 10.138812185023605
}