{
  "p0": [
    167.2578553213255,
    252.02290647515272
  ],
  "p2": [
    226.5350776193952,
    271.27310486058445
  ],
  "orientation": "horizontal",
  "p1": [
    192.61420219226963,
    263.8172155290171
  ],
  "start_radius": 2.375,
  "end_radius": 2.375
}