{
  "p0": [
    422.3352457093548,
    6.143192481699913
  ],
  "p2": [
    314.9761335075788,
    445.3245300674621
  ],
  "orientation": "vertical",
  "p1": [
    368.6556896084668,
    225.733861274581
  ],
  "start_radius": 19.466507177033492,
  "end_radius": 19.466507177033492
}