{
  "x_min": 329.5,
  "y_min": 10.5,
  "x_max": 442.5,
  "y_max": 427.5,
  "x_span": 113.0,
  "y_span": 417.0,
  "Direction": "up_down",
  "Length": 417.0,
  "width": 38.933014354066984,
  "center": [
    378.76594568022614,
    184.375138257343
  ],
  "EigenValues": [
    165.50666413183353,
    11930.466006428904
  ],
  "EigenVector": [
    -0.23746075882455134,
    0.971397131979742
  ],
  "EigenMinorVector": [
    0.971397131979742,
    0.23746075882455134
  ],
  "EigenRatio": 72.08450529173707,
  "lower_left": [
    428.2765138951451,
    -18.161163760433197
  ],
  "upper_right": [
    329.25537746530716,
    386.91144027511916
  ],
  "left_edge": [
    359.85623643879273,
    179.75260669142105
  ],
  "right_edge": [
    397.67565492165954,
    188.99766982326494
  ]
}