{
  "p0": [
    425.9693767294976,
    6.143192481699913
  ],
  "p2": [
    337.11874235953434,
    445.3245300674621
  ],
  "orientation": "vertical",
  "p1": [
    363.9823849916183,
    233.01819470179657
  ],
  "start_radius": 1.5666956536827392,
  "end_radius": 17.915606782517884
}