{
  "p0": [
    427.99926886305883,
    6.143192481699913
  ],
  "p2": [
    328.92789252542354,
    445.3245300674621
  ],
  "orientation": "vertical",
  "p1": [
    351.99123430375465,
    229.68841593198516
  ],
  "start_radius": 19.466507177033492,
  "end_radius": 19.466507177033492
}