{
  "p0": [
    427.9992688630589,
    6.143192481699913
  ],
  "p2": [
    328.92789252542696,
    445.3245300674621
  ],
  "orientation": "vertical",
  "p1": [
    351.9912343037519,
    229.68841593198187
  ],
  "start_radius": 19.466507177033492,
  "end_radius": 19.466507177033492
}