{
  "p0": [
    480.6877693727565,
    129.31344051483796
  ],
  "p2": [
    635.5541055375832,
    204.55795329728946
  ],
  "orientation": "horizontal",
  "p1": [
    558.1209374551698,
    166.9356969060637
  ],
  "start_radius": 7.367741935483871,
  "end_radius": 7.367741935483871
}