{
  "p0": [
    16.79714841327217,
    294.4809558710443
  ],
  "p2": [
    221.68149956029544,
    280.2771479596796
  ],
  "orientation": "horizontal",
  "p1": [
    110.90216009839133,
    257.0395613856264
  ],
  "start_radius": 4.227722772277228,
  "end_radius": 4.227722772277228
}