{
  "p0": [
    246.59899884028732,
    126.20704001889402
  ],
  "p2": [
    277.25659485104484,
    135.231061414522
  ],
  "orientation": "horizontal",
  "p1": [
    258.68761577189605,
    130.33391364787047
  ],
  "start_radius": 3.4558823529411766,
  "end_radius": 3.4558823529411766
}