{
  "x_min": 352.5,
  "y_min": 2.5,
  "x_max": 459.5,
  "y_max": 127.5,
  "x_span": 107.0,
  "y_span": 125.0,
  "Direction": "up_down",
  "Length": 125.0,
  "width": 17.857142857142858,
  "center": [
    406.12755555555555,
    60.410666666666664
  ],
  "EigenValues": [
    19.64740094674471,
    2201.2431884510115
  ],
  "EigenVector": [
    0.6159375588487764,
    0.7877949756119356
  ],
  "EigenMinorVector": [
    0.7877949756119356,
    -0.6159375588487764
  ],
  "EigenRatio": 112.03737300509081,
  "lower_left": [
    367.631458127507,
    11.173480690920691
  ],
  "upper_right": [
    444.6236529836041,
    109.64785264241263
  ],
  "left_edge": [
    399.0936718447347,
    65.91010915638788
  ],
  "right_edge": [
    413.1614392663764,
    54.911224176945446
  ]
}