{
  "p0": [
    361.03784656003086,
    2.740135476994894
  ],
  "p2": [
    460.68610344014047,
    130.19200940616952
  ],
  "orientation": "vertical",
  "p1": [
    410.86197500008564,
    66.46607244158221
  ],
  "start_radius": 8.928571428571429,
  "end_radius": 8.928571428571429
}