{
  "p0": [
    360.22283119864665,
    2.7401354769948867
  ],
  "p2": [
    458.9641808513636,
    130.19200940616952
  ],
  "orientation": "vertical",
  "p1": [
    410.1726294865523,
    60.944899557789526
  ],
  "start_radius": 8.928571428571418,
  "end_radius": 8.928571428571434
}