{
  "p0": [
    16.797148413272154,
    294.48095587104444
  ],
  "p2": [
    221.68149956029544,
    280.2771479596797
  ],
  "orientation": "horizontal",
  "p1": [
    110.90216009839136,
    257.0395613856262
  ],
  "start_radius": 4.227722772277228,
  "end_radius": 4.227722772277228
}