{
  "p0": [
    16.797148413272154,
    294.4809558710429
  ],
  "p2": [
    221.68149956029544,
    280.2771479596788
  ],
  "orientation": "horizontal",
  "p1": [
    110.9021600983921,
    257.0395613856278
  ],
  "start_radius": 4.227722772277228,
  "end_radius": 4.227722772277228
}