{
  "p0": [
    246.59899884028732,
    126.20704001889408
  ],
  "p2": [
    277.25659485104484,
    135.23106141452203
  ],
  "orientation": "horizontal",
  "p1": [
    258.6876157718958,
    130.33391364787042
  ],
  "start_radius": 3.4558823529411766,
  "end_radius": 3.4558823529411766
}