{
  "p0": [
    16.79714841327217,
    290.68769524588663
  ],
  "p2": [
    221.68149956029544,
    267.8463743490364
  ],
  "orientation": "horizontal",
  "p1": [
    119.2393239867838,
    279.2670347974615
  ],
  "start_radius": 4.227722772277228,
  "end_radius": 4.227722772277228
}