{
  "p0": [
    480.6877693727565,
    122.78104834585214
  ],
  "p2": [
    635.5541055375832,
    198.81307289377216
  ],
  "orientation": "horizontal",
  "p1": [
    549.2138590139489,
    174.81350139019378
  ],
  "start_radius": 7.410304707714811,
  "end_radius": 7.29847472121617
}