{
  "p0": [
    353.5246070156214,
    61.1055496245353
  ],
  "p2": [
    431.6816790973496,
    210.7561124600536
  ],
  "orientation": "vertical",
  "p1": [
    376.69973233081083,
    141.2309371275058
  ],
  "start_radius": 6.466867469879518,
  "end_radius": 6.466867469879518
}