{
  "p0": [
    361.37040442630433,
    2.740135476994894
  ],
  "p2": [
    458.4761905124325,
    130.19200940616952
  ],
  "orientation": "vertical",
  "p1": [
    410.81709749177617,
    64.34243561148557
  ],
  "start_radius": 8.928571428571429,
  "end_radius": 8.928571428571429
}