{
  "p0": [
    329.782702551491,
    61.1055496245353
  ],
  "p2": [
    432.24490714900537,
    210.7561124600536
  ],
  "orientation": "vertical",
  "p1": [
    377.26272696516793,
    141.86867641221477
  ],
  "start_radius": 8.123604103052537,
  "end_radius": 5.42672691569828
}