{
  "p0": [
    353.52460701562,
    61.1055496245353
  ],
  "p2": [
    431.6816790973499,
    210.75611246005357
  ],
  "orientation": "vertical",
  "p1": [
    376.69973233081527,
    141.23093712750614
  ],
  "start_radius": 6.466867469879518,
  "end_radius": 6.466867469879518
}