{
  "x_min": 350.5,
  "y_min": 41.5,
  "x_max": 429.5,
  "y_max": 206.5,
  "x_span": 79.0,
  "y_span": 165.0,
  "Direction": "up_down",
  "Length": 165.0,
  "width": 12.933734939759036,
  "center": [
    386.0123428039124,
    132.36772240335353
  ],
  "EigenValues": [
    24.331413105123602,
    2586.639162886604
  ],
  "EigenVector": [
    0.45136631541752675,
    0.892338752552194
  ],
  "EigenMinorVector": [
    0.892338752552194,
    -0.45136631541752675
  ],
  "EigenRatio": 106.3086287553895,
  "lower_left": [
    348.77462178196646,
    58.74977531779753
  ],
  "upper_right": [
    423.2500638258584,
    205.98566948890954
  ],
  "left_edge": [
    380.2417063529198,
    135.2866485455265
  ],
  "right_edge": [
    391.78297925490506,
    129.44879626118055
  ]
}