{
  "x_min": 245.5,
  "y_min": 123.5,
  "x_max": 278.5,
  "y_max": 139.5,
  "x_span": 33.0,
  "y_span": 16.0,
  "Direction": "left_right",
  "Length": 33.0,
  "width": 6.911764705882353,
  "center": [
    264.81489361702126,
    132.9468085106383
  ],
  "EigenValues": [
    5.329901539067096,
    79.73327358368249
  ],
  "EigenVector": [
    0.9425531237896658,
    0.334056295905859
  ],
  "EigenMinorVector": [
    0.334056295905859,
    -0.9425531237896658
  ],
  "EigenRatio": 14.959614731952135,
  "lower_left": [
    249.26276707449176,
    127.43487962819164
  ],
  "upper_right": [
    280.36702015955075,
    138.458737393085
  ],
  "left_edge": [
    263.6604343591113,
    136.2041612178526
  ],
  "right_edge": [
    265.9693528749312,
    129.689455803424
  ]
}