{
  "p0": [
    480.6877693727565,
    122.96094566402256
  ],
  "p2": [
    635.5541055375832,
    198.26741493001467
  ],
  "orientation": "horizontal",
  "p1": [
    549.3820332149558,
    175.04481030117933
  ],
  "start_radius": 7.367741935483871,
  "end_radius": 7.367741935483871
}