{
  "p0": [
    361.37040442630416,
    2.7401354769948867
  ],
  "p2": [
    458.4761905124325,
    130.19200940616952
  ],
  "orientation": "vertical",
  "p1": [
    410.8170974917764,
    64.34243561148556
  ],
  "start_radius": 8.928571428571429,
  "end_radius": 8.928571428571429
}