{
  "p0": [
    349.9662288546687,
    61.1055496245353
  ],
  "p2": [
    425.66306814808047,
    210.7561124600536
  ],
  "orientation": "vertical",
  "p1": [
    387.81464850137456,
    135.93083104229444
  ],
  "start_radius": 6.466867469879518,
  "end_radius": 6.466867469879518
}