{
  "x_min": 483.5,
  "y_min": 124.5,
  "x_max": 637.5,
  "y_max": 203.5,
  "x_span": 154.0,
  "y_span": 79.0,
  "Direction": "left_right",
  "Length": 154.0,
  "width": 14.735483870967743,
  "center": [
    561.80823117338,
    168.7272329246935
  ],
  "EigenValues": [
    22.17243247206244,
    2412.301536588833
  ],
  "EigenVector": [
    0.8994540083645142,
    0.4370154308911854
  ],
  "EigenMinorVector": [
    0.4370154308911854,
    -0.8994540083645142
  ],
  "EigenRatio": 108.7973337895319,
  "lower_left": [
    492.55027252931245,
    135.07704474607223
  ],
  "upper_right": [
    631.0661898174476,
    202.3774211033148
  ],
  "left_edge": [
    558.5884142567495,
    175.3541779411598
  ],
  "right_edge": [
    565.0280480900105,
    162.10028790822722
  ]
}