{
  "p0": [
    246.59899884028732,
    126.49079644920616
  ],
  "p2": [
    277.25659485104484,
    137.35635161659565
  ],
  "orientation": "horizontal",
  "p1": [
    261.9277968456661,
    131.9235740329009
  ],
  "start_radius": 3.4558823529411766,
  "end_radius": 3.4558823529411766
}