{
  "x_min": 21.5,
  "y_min": 261.5,
  "x_max": 222.5,
  "y_max": 311.5,
  "x_span": 201.0,
  "y_span": 50.0,
  "Direction": "left_right",
  "Length": 201.0,
  "width": 8.455445544554456,
  "center": [
    104.69262295081967,
    280.8887587822014
  ],
  "EigenValues": [
    118.61488457966135,
    3096.5845830347484
  ],
  "EigenVector": [
    0.9938429956755711,
    -0.11079756290914965
  ],
  "EigenMinorVector": [
    -0.11079756290914965,
    -0.9938429956755711
  ],
  "EigenRatio": 26.106205759995433,
  "lower_left": [
    4.811401885424772,
    292.02391385457094
  ],
  "upper_right": [
    204.57384401621457,
    269.7536037098319
  ],
  "left_edge": [
    105.1610443306435,
    285.0904514470873
  ],
  "right_edge": [
    104.22420157099583,
    276.68706611731557
  ]
}