{
  "p0": [
    361.03784656003086,
    2.7401354769948867
  ],
  "p2": [
    460.6861034401404,
    130.19200940616952
  ],
  "orientation": "vertical",
  "p1": [
    410.86197500008564,
    66.4660724415822
  ],
  "start_radius": 8.928571428571429,
  "end_radius": 8.928571428571429
}