{
  "p0": [
    425.5022471315539,
    0.325941057300696
  ],
  "p2": [
    434.19761940513183,
    465.6859399798328
  ],
  "orientation": "vertical",
  "p1": [
    447.78093558268586,
    256.2994946727893
  ],
  "start_radius": 15.998878932651522,
  "end_radius": 11.954815205441568
}