{
  "p0": [
    290.70806694744266,
    131.7095275850445
  ],
  "p2": [
    210.2108115813627,
    424.7082470825552
  ],
  "orientation": "vertical",
  "p1": [
    260.7943469528927,
    279.0842852315137
  ],
  "start_radius": 7.442708333333333,
  "end_radius": 7.442708333333333
}