{
  "x_min": 432.5,
  "y_min": 5.5,
  "x_max": 485.5,
  "y_max": 463.5,
  "x_span": 53.0,
  "y_span": 458.0,
  "Direction": "up_down",
  "Length": 458.0,
  "width": 34.12200435729847,
  "center": [
    456.5068318222449,
    244.08594049291278
  ],
  "EigenValues": [
    131.85897406991717,
    16423.03944193747
  ],
  "EigenVector": [
    0.02548543820251495,
    0.9996751934701721
  ],
  "EigenMinorVector": [
    0.9996751934701721,
    -0.02548543820251495
  ],
  "EigenRatio": 124.55003201548713,
  "lower_left": [
    450.670666473869,
    15.160321188243387
  ],
  "upper_right": [
    462.34299717062083,
    473.0115597975822
  ],
  "left_edge": [
    439.45137116850873,
    244.5207476096097
  ],
  "right_edge": [
    473.5622924759811,
    243.65113337621585
  ]
}