{
  "x_min": 356.5,
  "y_min": 59.5,
  "x_max": 454.5,
  "y_max": 368.5,
  "x_span": 98.0,
  "y_span": 309.0,
  "Direction": "up_down",
  "Length": 309.0,
  "width": 5.741379310344827,
  "center": [
    408.3198198198198,
    226.23273273273273
  ],
  "EigenValues": [
    17.498302974567196,
    20239.027005466407
  ],
  "EigenVector": [
    0.30351516092989644,
    0.952826609140246
  ],
  "EigenMinorVector": [
    0.952826609140246,
    -0.30351516092989644
  ],
  "EigenRatio": 1156.6279904332837,
  "lower_left": [
    361.42672745615084,
    79.02102162056474
  ],
  "upper_right": [
    455.2129121834888,
    373.4444438449007
  ],
  "left_edge": [
    405.58455032978793,
    227.10403056540218
  ],
  "right_edge": [
    411.0550893098517,
    225.36143490006327
  ]
}