{
  "x_min": 177.5,
  "y_min": 143.5,
  "x_max": 287.5,
  "y_max": 468.5,
  "x_span": 110.0,
  "y_span": 325.0,
  "Direction": "up_down",
  "Length": 325.0,
  "width": 17.993865030674847,
  "center": [
    238.06137061029662,
    321.8428230480736
  ],
  "EigenValues": [
    34.844850166312426,
    8716.123604979564
  ],
  "EigenVector": [
    -0.31511735354529996,
    0.9490527137596765
  ],
  "EigenMinorVector": [
    0.9490527137596765,
    0.31511735354529996
  ],
  "EigenRatio": 250.14094086724486,
  "lower_left": [
    289.26794056140784,
    167.6217570621262
  ],
  "upper_right": [
    186.85480065918537,
    476.06388903402103
  ],
  "left_edge": [
    229.52280739110296,
    319.00773348381483
  ],
  "right_edge": [
    246.59993382949028,
    324.6779126123324
  ]
}