{
  "p0": [
    277.5670520606288,
    141.20677288005308
  ],
  "p2": [
    183.79696472727593,
    471.1288149224707
  ],
  "orientation": "vertical",
  "p1": [
    272.88557247201726,
    306.2058574344087
  ],
  "start_radius": 20.854945699988164,
  "end_radius": 3.6657422248289357
}