{
  "p0": [
    285.00319429589763,
    131.7095275850445
  ],
  "p2": [
    191.7061679182677,
    424.7082470825552
  ],
  "orientation": "vertical",
  "p1": [
    316.08168655126,
    291.63300473928825
  ],
  "start_radius": 10.082445819090124,
  "end_radius": 7.194246162634783
}