{
  "p0": [
    296.922484521598,
    131.7095275850445
  ],
  "p2": [
    210.0798481119453,
    424.7082470825552
  ],
  "orientation": "vertical",
  "p1": [
    253.50116631677164,
    278.20888733379985
  ],
  "start_radius": 7.442708333333333,
  "end_radius": 7.442708333333333
}