{
  "p0": [
    358.2592813985892,
    69.48170274049622
  ],
  "p2": [
    455.447673184531,
    368.7336690893114
  ],
  "orientation": "vertical",
  "p1": [
    405.00731663269335,
    222.1190530353379
  ],
  "start_radius": 2.8706896551724137,
  "end_radius": 2.8706896551724137
}