{
  "p0": [
    450.29248295929426,
    0.32594105730075285
  ],
  "p2": [
    462.1562398794728,
    465.68593997983277
  ],
  "orientation": "vertical",
  "p1": [
    456.2243614193835,
    233.00594051856677
  ],
  "start_radius": 17.061002178649236,
  "end_radius": 17.061002178649236
}