{
  "x_min": 216.5,
  "y_min": 131.5,
  "x_max": 290.5,
  "y_max": 418.5,
  "x_span": 74.0,
  "y_span": 287.0,
  "Direction": "up_down",
  "Length": 287.0,
  "width": 14.885416666666666,
  "center": [
    253.50116631677164,
    278.20888733379985
  ],
  "EigenValues": [
    29.880051402627032,
    5624.2593992648945
  ],
  "EigenVector": [
    -0.2841731623862644,
    0.9587729730125845
  ],
  "EigenMinorVector": [
    0.9587729730125845,
    0.2841731623862644
  ],
  "EigenRatio": 188.22790240482698,
  "lower_left": [
    294.2800151192006,
    140.62496570649398
  ],
  "upper_right": [
    212.7223175143427,
    415.7928089611057
  ],
  "left_edge": [
    246.3652987207561,
    276.0938693699979
  ],
  "right_edge": [
    260.63703391278716,
    280.3239052976018
  ]
}