{
  "p0": [
    288.8343374706459,
    141.20677288005308
  ],
  "p2": [
    182.35735314380216,
    471.1288149224707
  ],
  "orientation": "vertical",
  "p1": [
    255.70326759962552,
    304.7276892525995
  ],
  "start_radius": 8.996932515337424,
  "end_radius": 8.996932515337424
}