{
  "p0": [
    290.70806694744226,
    131.7095275850445
  ],
  "p2": [
    210.21081158136244,
    424.7082470825552
  ],
  "orientation": "vertical",
  "p1": [
    260.7943469528929,
    279.08428523151383
  ],
  "start_radius": 7.442708333333333,
  "end_radius": 7.442708333333333
}