{
  "p0": [
    462.70771039540404,
    0.325941057300696
  ],
  "p2": [
    473.3659187348331,
    465.6859399798328
  ],
  "orientation": "vertical",
  "p1": [
    431.90106752363147,
    231.53955639788313
  ],
  "start_radius": 17.061002178649236,
  "end_radius": 17.061002178649236
}