{
  "p0": [
    462.7077103954023,
    0.32594105730075285
  ],
  "p2": [
    473.3659187348318,
    465.68593997983277
  ],
  "orientation": "vertical",
  "p1": [
    431.90106752363397,
    231.53955639788313
  ],
  "start_radius": 17.061002178649236,
  "end_radius": 17.061002178649236
}