{
  "p0": [
    358.38805507098505,
    69.48170274049622
  ],
  "p2": [
    453.71233322785145,
    368.7336690893114
  ],
  "orientation": "vertical",
  "p1": [
    406.05019414941825,
    219.1076859149038
  ],
  "start_radius": 2.8706896551724137,
  "end_radius": 2.8706896551724137
}