{
  "p0": [
    298.0386018626342,
    141.20677288005308
  ],
  "p2": [
    188.49341089762095,
    471.1288149224707
  ],
  "orientation": "vertical",
  "p1": [
    243.26600638012758,
    306.1677939012619
  ],
  "start_radius": 8.996932515337424,
  "end_radius": 8.996932515337424
}