{
  "p0": [
    358.25928139858837,
    69.48170274049622
  ],
  "p2": [
    455.44767318452966,
    368.7336690893114
  ],
  "orientation": "vertical",
  "p1": [
    405.0073166326929,
    222.11905303533842
  ],
  "start_radius": 2.8706896551724137,
  "end_radius": 2.8706896551724137
}