{
  "p0": [
    358.2592813985887,
    69.48170274049622
  ],
  "p2": [
    455.44767318452983,
    368.7336690893114
  ],
  "orientation": "vertical",
  "p1": [
    405.00731663269187,
    222.1190530353374
  ],
  "start_radius": 2.8706896551724137,
  "end_radius": 2.8706896551724137
}