{
  "x_min": 246.5,
  "y_min": 132.5,
  "x_max": 409.5,
  "y_max": 216.5,
  "x_span": 163.0,
  "y_span": 84.0,
  "Direction": "left_right",
  "Length": 163.0,
  "width": 16.20731707317073,
  "center": [
    329.55191873589166,
    187.96049661399547
  ],
  "EigenValues": [
    67.75652881024718,
    2665.6560370004104
  ],
  "EigenVector": [
    0.9161733131813471,
    0.4007823102562203
  ],
  "EigenMinorVector": [
    0.4007823102562203,
    -0.9161733131813471
  ],
  "EigenRatio": 39.34168535205819,
  "lower_left": [
    254.88379371161187,
    155.29673832811352
  ],
  "upper_right": [
    404.22004376017145,
    220.62425489987743
  ],
  "left_edge": [
    326.30411574607143,
    195.38485230434918
  ],
  "right_edge": [
    332.7997217257119,
    180.53614092364177
  ]
}