{
  "p0": [
    453.02030899160354,
    398.26416110368865
  ],
  "p2": [
    535.1027679314734,
    480.16917222964463
  ],
  "orientation": "horizontal",
  "p1": [
    494.0615384615385,
    439.21666666666664
  ],
  "start_radius": 8.571428571428571,
  "end_radius": 8.571428571428571
}