{
  "p0": [
    453.02030899160354,
    398.6491633010725
  ],
  "p2": [
    535.1027679314734,
    480.9019241036684
  ],
  "orientation": "horizontal",
  "p1": [
    490.9568341007181,
    434.8444281308456
  ],
  "start_radius": 7.462184873949578,
  "end_radius": 8.72268907563025
}