{
  "x_min": 448.5,
  "y_min": 396.5,
  "x_max": 538.5,
  "y_max": 478.5,
  "x_span": 90.0,
  "y_span": 82.0,
  "Direction": "left_right",
  "Length": 90.0,
  "width": 17.142857142857142,
  "center": [
    494.0615384615385,
    439.21666666666664
  ],
  "EigenValues": [
    16.80909386044999,
    1031.4505975919935
  ],
  "EigenVector": [
    0.7078715139568446,
    0.7063412204653251
  ],
  "EigenMinorVector": [
    0.7063412204653251,
    -0.7078715139568446
  ],
  "EigenRatio": 61.36265322540003,
  "lower_left": [
    462.2073203334805,
    407.431311745727
  ],
  "upper_right": [
    525.9157565895965,
    471.0020215876063
  ],
  "left_edge": [
    488.0071851432643,
    445.28413678629676
  ],
  "right_edge": [
    500.11589177981267,
    433.1491965470365
  ]
}