{
  "p0": [
    453.02030899160354,
    398.54410658204574
  ],
  "p2": [
    535.1027679314734,
    480.9025447162415
  ],
  "orientation": "horizontal",
  "p1": [
    491.48081678762117,
    435.30568760101653
  ],
  "start_radius": 8.571428571428571,
  "end_radius": 8.571428571428571
}