{
  "p0": [
    242.0946372574532,
    235.7982672848163
  ],
  "p2": [
    395.2598687572579,
    211.36451449585996
  ],
  "orientation": "horizontal",
  "p1": [
    358.47741095572786,
    139.1170735123154
  ],
  "start_radius": 4.274465791556698,
  "end_radius": 2.225156072620165
}