{
  "p0": [
    453.02030899160354,
    398.54410658204546
  ],
  "p2": [
    535.1027679314734,
    480.9025447162411
  ],
  "orientation": "horizontal",
  "p1": [
    491.48081678762105,
    435.3056876010162
  ],
  "start_radius": 8.571428571428571,
  "end_radius": 8.571428571428571
}