{
  "p0": [
    242.0946372574532,
    130.89250669112963
  ],
  "p2": [
    395.2598687572579,
    206.9238832723534
  ],
  "orientation": "horizontal",
  "p1": [
    301.5898898086442,
    207.26823654423464
  ],
  "start_radius": 8.103658536585366,
  "end_radius": 8.103658536585366
}