{
  "p0": [
    242.0946372574532,
    149.70208980890766
  ],
  "p2": [
    395.2598687572579,
    216.7046039055716
  ],
  "orientation": "horizontal",
  "p1": [
    318.67725300735555,
    183.20334685723964
  ],
  "start_radius": 8.103658536585366,
  "end_radius": 8.103658536585366
}