{
  "p0": [
    432.08991375655376,
    105.95218446607433
  ],
  "p2": [
    400.33145106721827,
    479.70414937542733
  ],
  "orientation": "vertical",
  "p1": [
    414.06098159714304,
    294.50371442824047
  ],
  "start_radius": 12.960490463215319,
  "end_radius": 12.960490463215272
}