{
  "p0": [
    468.68868660062327,
    21.57606984017164
  ],
  "p2": [
    395.02452774636515,
    480.932301140429
  ],
  "orientation": "vertical",
  "p1": [
    421.4251448561024,
    240.48775012569166
  ],
  "start_radius": 17.182648401826484,
  "end_radius": 17.182648401826484
}