{
  "p0": [
    432.78295637816916,
    105.95218446607433
  ],
  "p2": [
    399.28566700982987,
    479.70414937542733
  ],
  "orientation": "vertical",
  "p1": [
    415.72171433448943,
    292.6216820439561
  ],
  "start_radius": 12.960490463215258,
  "end_radius": 12.960490463215258
}