{
  "p0": [
    465.32241241163973,
    21.57606984017164
  ],
  "p2": [
    391.0774015665691,
    480.932301140429
  ],
  "orientation": "vertical",
  "p1": [
    428.1999069891044,
    251.2541854903003
  ],
  "start_radius": 17.182648401826484,
  "end_radius": 17.182648401826484
}