{
  "p0": [
    462.60852122437865,
    21.57606984017164
  ],
  "p2": [
    364.21722588493935,
    480.932301140429
  ],
  "orientation": "vertical",
  "p1": [
    483.8967929092332,
    252.52552093942978
  ],
  "start_radius": 17.55208552115383,
  "end_radius": 17.57150829006072
}