{
  "p0": [
    487.70783311123523,
    9.10350172957044
  ],
  "p2": [
    408.5696394439845,
    449.1895845844755
  ],
  "orientation": "vertical",
  "p1": [
    414.7215309584233,
    225.6049594108485
  ],
  "start_radius": 16.937214611872147,
  "end_radius": 16.937214611872147
}