{
  "p0": [
    433.29302909756456,
    105.95218446607433
  ],
  "p2": [
    398.32452374238244,
    479.70414937542733
  ],
  "orientation": "vertical",
  "p1": [
    415.80877641997347,
    292.82816692075085
  ],
  "start_radius": 12.960490463215258,
  "end_radius": 12.960490463215258
}