{
  "p0": [
    489.50730501757073,
    9.10350172957044
  ],
  "p2": [
    413.1407467238739,
    449.1895845844755
  ],
  "orientation": "vertical",
  "p1": [
    410.8759731741686,
    220.4046133564829
  ],
  "start_radius": 18.046660001511533,
  "end_radius": 17.03083506179578
}