{
  "p0": [
    487.7078331112351,
    9.10350172957044
  ],
  "p2": [
    408.5696394439838,
    449.1895845844755
  ],
  "orientation": "vertical",
  "p1": [
    414.72153095842407,
    225.60495941084866
  ],
  "start_radius": 16.937214611872147,
  "end_radius": 16.937214611872147
}