{
  "x_min": 388.5,
  "y_min": 27.5,
  "x_max": 469.5,
  "y_max": 464.5,
  "x_span": 81.0,
  "y_span": 437.0,
  "Direction": "up_down",
  "Length": 437.0,
  "width": 34.36529680365297,
  "center": [
    428.1999069891044,
    251.2541854903003
  ],
  "EigenValues": [
    118.98225267042471,
    13298.572857699903
  ],
  "EigenVector": [
    -0.1595577103575507,
    0.9871886025808119
  ],
  "EigenMinorVector": [
    0.9871886025808119,
    0.1595577103575507
  ],
  "EigenRatio": 111.76938206520875,
  "lower_left": [
    463.06326670222927,
    35.55347582639291
  ],
  "upper_right": [
    393.33654727597957,
    466.9548951542077
  ],
  "left_edge": [
    411.2373923246679,
    248.51256145342603
  ],
  "right_edge": [
    445.16242165354095,
    253.99580952717457
  ]
}