{
  "x_min": 387.5,
  "y_min": 106.5,
  "x_max": 434.5,
  "y_max": 472.5,
  "x_span": 47.0,
  "y_span": 366.0,
  "Direction": "up_down",
  "Length": 366.0,
  "width": 25.920980926430516,
  "center": [
    413.32602754125935,
    319.36439608956164
  ],
  "EigenValues": [
    75.96234482528416,
    8307.419504053638
  ],
  "EigenVector": [
    -0.09315389840335891,
    0.9956517218446702
  ],
  "EigenMinorVector": [
    0.9956517218446702,
    0.09315389840335891
  ],
  "EigenRatio": 109.36233634126185,
  "lower_left": [
    430.37319094907406,
    137.160130991987
  ],
  "upper_right": [
    396.27886413344464,
    501.5686611871363
  ],
  "left_edge": [
    400.42189289560764,
    318.15707587769356
  ],
  "right_edge": [
    426.23016218691106,
    320.5717163014297
  ]
}