{
  "p0": [
    478.57222486464326,
    9.10350172957044
  ],
  "p2": [
    393.650644266257,
    449.1895845844755
  ],
  "orientation": "vertical",
  "p1": [
    436.11143456545017,
    229.14654315702296
  ],
  "start_radius": 16.937214611872147,
  "end_radius": 16.937214611872147
}