{
  "x_min": 402.5,
  "y_min": 7.5,
  "x_max": 503.5,
  "y_max": 444.5,
  "x_span": 101.0,
  "y_span": 437.0,
  "Direction": "up_down",
  "Length": 437.0,
  "width": 33.87442922374429,
  "center": [
    442.1408303565411,
    197.900620071443
  ],
  "EigenValues": [
    132.2847337373587,
    13762.252722400777
  ],
  "EigenVector": [
    -0.18947053519920015,
    0.9818864070203481
  ],
  "EigenMinorVector": [
    0.9818864070203481,
    0.18947053519920015
  ],
  "EigenRatio": 104.03507898140904,
  "lower_left": [
    483.5401422975663,
    -16.641559862503073
  ],
  "upper_right": [
    400.7415184155158,
    412.4428000053891
  ],
  "left_edge": [
    425.5104095563574,
    194.6915169541479
  ],
  "right_edge": [
    458.77125115672476,
    201.10972318873812
  ]
}