{
  "p0": [
    432.782956378169,
    105.95218446607433
  ],
  "p2": [
    399.28566700982947,
    479.70414937542733
  ],
  "orientation": "vertical",
  "p1": [
    415.72171433449,
    292.6216820439559
  ],
  "start_radius": 12.960490463215258,
  "end_radius": 12.960490463215258
}